Customer ID,frequency,recency,T,monetary_value,probability_alive,pred_num_txn,exp_avg_sales,predicted_ltv,CLV
100004,5.0,411.0,2185.0,4713.95,0.002115051430890663,0.0,4775.04546420364,0.5883347474028293,0.15296703432473563
100007,8.0,1343.0,2072.0,1985.4125,0.2493505865173502,0.0,2002.1861610958,47.49624282703431,12.34902313502892
100008,1.0,392.0,1347.0,2595.0,0.4875849288757354,0.0,2777.0553367100433,32.95666088763792,8.568731830785861
100009,1.0,34.0,1952.0,1102.0,0.07363286511405413,0.0,1185.7558839843891,1.488807238828468,0.38708988209540174
100010,1.0,48.0,1563.0,350.0,0.11202862881700726,0.0,384.24403639584807,0.9079342036190651,0.23606289294095692
100012,8.0,1500.0,2109.0,15402.0,0.40934367684940914,0.0,15523.177806777026,592.2413011169126,153.9827382903973
100013,1.0,51.0,471.0,500.0,0.38370604038790584,0.0,544.1200698244135,12.965498568433043,3.3710296277925913
100014,8.0,1758.0,2138.0,2501.1575000000003,0.6885940668401356,0.0,2521.94454498454,158.69415686102408,41.260480783866264
100015,1.0,115.0,1648.0,1599.0,0.17274756882966866,0.0,1715.4784747443691,5.951015834863405,1.5472641170644854
100016,1.0,602.0,1660.0,600.0,0.547169232886897,0.0,650.7040921101237,7.119612060546769,1.85109913574216
100017,4.0,589.0,2072.0,4020.0,0.040151503157564834,0.0,4085.7239537489436,8.207542316612335,2.1339610023192073
100019,2.0,1093.0,1220.0,2975.0,0.8108602305278833,0.0,3075.237481633189,112.04641972208078,29.132069127741005
100020,10.0,2044.0,2138.0,1010.4,0.8883502356543367,0.0,1017.7376884203039,101.63209148790814,26.424343786856117
100021,9.0,1889.0,1996.0,1557.5555555555557,0.8759229159972611,0.0,1569.4956295787783,149.28608655716855,38.81438250486382
100023,1.0,1547.0,2157.0,489.99,0.7454028734646533,0.0,533.4510091936139,6.190987838887188,1.6096568381106688
100025,2.0,908.0,2150.0,472.5,0.4318985229069514,0.0,492.98051113910844,5.630382571625421,1.4638994686226094
100026,8.0,1256.0,2145.0,814.375,0.12873594023032442,0.0,822.0359735552328,9.764595079886927,2.538794720770601
100027,2.0,235.0,1715.0,2855.5,0.0761227106377435,0.0,2951.928907018187,7.370089863449143,1.9162233644967774
100029,1.0,83.0,177.0,503.0,0.7112521647257646,0.0,547.3175904929848,50.236443763559706,13.061475378525524
100031,31.0,1198.0,1242.0,31055.88806451613,0.9145639477234396,1.0,31118.23571161911,16007.031388586289,4161.828161032436
100032,1.0,28.0,2012.0,1160.0,0.06620312535441293,0.0,1247.5746169101012,1.3678017232033501,0.355628448032871
100033,2.0,355.0,2156.0,1435.5,0.09447981141246453,0.0,1486.6722044800874,3.7038082345811816,0.9629901409911072
100034,4.0,627.0,882.0,4193.675,0.6515708137474091,0.0,4262.1231334749245,305.27090759380746,79.37043597438995
100036,5.0,455.0,1291.0,15085.560000000001,0.04849650179369098,0.0,15276.395591827995,71.12418842615895,18.492288990801327
100037,57.0,2004.0,2004.0,83579.2398245614,0.9816531463564802,1.0,83670.10065087175,53741.7993269151,13972.867824997926
100040,8.0,1088.0,1952.0,960.98375,0.09312380172743645,0.0,969.7855919983554,9.123731864567398,2.3721702847875235
100042,2.0,329.0,2159.0,1538.5,0.08233220504345355,0.0,1592.9549089599636,3.4529758233271886,0.897773714065069
100045,1.0,203.0,297.0,76819.31,0.7556090325053527,0.0,81888.3104485247,5536.170916758815,1439.404438357292
100046,5.0,410.0,2178.0,2693.1,0.0021275085290634937,0.0,2728.916328475467,0.339256571058956,0.08820670847532856
100048,2.0,148.0,1375.0,5467.775,0.06004513127669188,0.0,5647.459507456719,13.699843019253397,3.5619591850058834
100049,1.0,6.0,392.0,650.0,0.3067055532667529,0.0,703.9961032529789,15.600730938219902,4.056190043937175
100051,2.0,112.0,526.0,9400.0,0.2627006885336395,0.0,9705.008125159451,244.156027737654,63.480567211790046
100052,1.0,398.0,2109.0,225.0,0.343557007832593,0.0,251.0140085387103,1.3720072480089884,0.356721884482337
100054,14.0,2055.0,2184.0,2417.4121428571425,0.8729141861052755,0.0,2428.8798190021103,322.93230550024373,83.96239943006337
100055,1.0,169.0,416.0,1175.0,0.6366292252287096,0.0,1263.5622202529576,55.26254440127535,14.368261544331592
100056,1.0,22.0,1197.0,500.0,0.11787150834732799,0.0,544.1200698244135,1.7384101961612124,0.45198665100191526
100057,1.0,49.0,1512.0,800.0,0.11771045217242192,0.0,863.8721366815442,2.2133876728835316,0.5754807949497183
100058,4.0,628.0,1645.0,3455.575,0.12493958078446364,0.0,3512.4456637426865,27.344087732715643,7.109462810506067
100060,2.0,797.0,1773.0,295.0,0.47207288752892046,0.0,309.823423321846,4.64662727562664,1.2081230916629264
100061,1.0,1076.0,1891.0,170.0,0.6825315608179077,0.0,192.39279628156964,2.319317963304309,0.6030226704591204
100063,7.0,387.0,2124.0,514.7857142857143,0.00010559917272456928,0.0,520.8835253042407,0.004512684898611003,0.0011732980736388608
100064,2.0,224.0,1365.0,620.0,0.11374218898829967,0.0,645.1814714379605,2.9865513137707764,0.7765033415804019
100067,6.0,1582.0,1646.0,118887.86666666665,0.8759105883171585,0.0,120126.38057279642,9368.684403166297,2435.857944823237
100068,2.0,1869.0,2046.0,1467.1100000000001,0.8166144053275944,0.0,1519.2896441753194,34.24949301938302,8.904868185039584
100069,4.0,1467.0,1888.0,712.5,0.71422024620186,0.0,726.3441527201169,28.10271464575295,7.306705807895767
100070,7.0,1486.0,1907.0,1440.2857142857142,0.6283260986179176,0.0,1454.623523361884,82.23501435226144,21.381103731587977
100072,12.0,829.0,920.0,2998.6633333333334,0.8143885489833651,0.0,3015.0598002611177,722.2812519053965,187.7931254954031
100075,2.0,190.0,2095.0,403.5,0.034558707508525126,0.0,421.78141784676416,0.3944710804501139,0.10256248091702962
100076,9.0,1564.0,2033.0,2775.017777777778,0.52309871521747,0.0,2795.3718672260607,157.43852490574426,40.93401647549351
100077,2.0,133.0,1897.0,839.5,0.025162823088988675,0.0,871.6771377809977,0.6525917250087623,0.1696738485022782
100078,5.0,1480.0,1529.0,2561.92,0.8729162821612344,0.0,2596.0953768834033,182.83181510176672,47.53627192645935
100079,1.0,35.0,2178.0,594.96,0.06462453865339855,0.0,645.332257386924,0.6399006897692592,0.1663741793400074
100080,2.0,71.0,218.0,18600.5,0.5274093590675771,0.0,19198.736499597326,1915.9156917119176,498.1380798450986
100081,2.0,456.0,1543.0,2012.0,0.27322483785595003,0.0,2081.54578829221,20.630395023313618,5.363902706061541
100082,3.0,1155.0,2054.0,3049.6666666666665,0.49448254540689496,0.0,3117.3589791627223,59.965510863829444,15.591032824595656
100083,5.0,1259.0,2144.0,24422.0,0.3419335022131555,0.0,24729.626612427215,500.52715990310725,130.1370615748079
100084,3.0,512.0,1919.0,953.0,0.09066568216209359,0.0,976.6121443616246,3.6879858314410057,0.9588763161746615
100085,15.0,1807.0,1816.0,9892.866666666667,0.939977675070478,0.0,9934.479426474189,1808.91214020869,470.3171564542594
100087,1.0,44.0,976.0,339.0,0.1857214903050481,0.0,372.5197939444199,2.265378725480162,0.5889984686248421
100090,9.0,1329.0,2178.0,2153.1111111111113,0.12124472819981169,0.0,2169.167135132173,26.76431555794668,6.958722045066137
100092,3.0,421.0,555.0,4153.5,0.7404425586349809,0.0,4244.3992245433,401.72376370668724,104.44817856373868
100095,6.0,1173.0,2155.0,866.8333333333334,0.18033143214830574,0.0,877.6202331346997,11.071619122501268,2.8786209718503297
100098,2.0,21.0,581.0,4349.5,0.06191102421244425,0.0,4493.544057435033,24.545005351673744,6.381701391435174
100099,2.0,792.0,1352.0,1213.5,0.622794797317605,0.0,1257.5968608438493,32.0688703048477,8.337906279260402
100103,2.0,273.0,1990.0,395.5,0.07096847951974279,0.0,413.52645050852135,0.8352298969253587,0.21715977320059326
100105,2.0,321.0,1884.0,470.0,0.10535153256840145,0.0,490.4008338459076,1.5501640001991006,0.40304264005176615
100106,3.0,553.0,2102.0,4766.39,0.08481584023220635,0.0,4870.174579510507,15.769873486656294,4.100167106530637
100111,1.0,49.0,1808.0,2085.0,0.09451756541808194,0.0,2233.4768230529207,3.875412169782721,1.0076071641435076
100112,1.0,1779.0,1906.0,1550.0,0.8080644778930136,0.0,1663.252303824371,23.537334187149156,6.119706888658781
100114,1.0,792.0,2075.0,297.0,0.5579111567985999,0.0,327.7545045844216,2.9569806526107105,0.7688149696787847
100115,20.0,2067.0,2144.0,5258.736500000001,0.9119001575499597,0.0,5275.556270508389,1053.866791281203,274.0053657331128
100120,4.0,265.0,1073.0,1759.75,0.03537565098979774,0.0,1790.020795691376,5.882880107217311,1.5295488278765008
100121,9.0,1666.0,2107.0,882.8666666666666,0.582806894287091,0.0,890.1438915150983,53.90345340277905,14.014897884722554
100123,4.0,1006.0,2134.0,1029.25,0.23721079139770598,0.0,1048.0625357816077,12.078975455691355,3.1405336184797523
100128,1.0,700.0,1746.0,2150.0,0.5772948354255235,0.0,2302.7564375386323,25.339310571426132,6.588220748570794
100130,12.0,1021.0,2107.0,45043.0625,0.002907733092329911,0.0,45277.0131845241,18.279854649624646,4.752762208902408
100131,3.0,447.0,2044.0,2145.6666666666665,0.05174598913797433,0.0,2194.353348641168,4.451077033519945,1.1572800287151856
100133,2.0,84.0,2165.0,2205.42,0.010178447034505982,0.0,2281.130261112576,0.6080756192732777,0.15809966101105222
100135,4.0,441.0,2143.0,2532.2,0.011971280181284568,0.0,2574.5870624501713,1.4917504663007857,0.3878551212382043
100136,3.0,1310.0,2186.0,2647.6666666666665,0.5440499848457557,0.0,2706.9073602803496,53.93848865324735,14.024007049844311
100137,1.0,426.0,2177.0,3165.0,0.35190638841638844,0.0,3384.5842637385917,18.382903906591228,4.779555015713719
100139,2.0,1519.0,2177.0,2182.0,0.7039279772294353,0.0,2256.96384422987,41.39767326422812,10.76339504869931
100140,4.0,604.0,2124.0,1772.875,0.03982864607097016,0.0,1803.3516679176807,3.509201260626773,0.912392327762961
100142,5.0,940.0,1248.0,2864.4,0.6611007252047302,0.0,2902.3591475616117,187.981647906846,48.87522845577996
100143,1.0,902.0,1086.0,1099.0,0.7835133860584909,0.0,1182.5583633158178,27.50065247288204,7.150169642949331
100144,2.0,387.0,1934.0,563.5,0.13763626587410416,0.0,586.8807646116205,2.3645853328593454,0.6147921865434298
100145,1.0,56.0,1746.0,850.0,0.10527325672181198,0.0,917.1641478243994,1.8329211966902288,0.4765595111394595
100146,1.0,440.0,1871.0,916.62,0.4104699785659339,0.0,988.1704234711395,7.238157308631254,1.8819209002441262
100148,18.0,1873.0,1939.0,6609.583333333333,0.9135973940903249,0.0,6632.9302538033335,1318.0031811895938,342.6808271092944
100150,3.0,134.0,1711.0,1749.3333333333333,0.004738911094589962,0.0,1789.6875320150143,0.3933511050286726,0.10227128730745488
100153,27.0,1768.0,2142.0,1964.7037037037037,0.1507388999529035,0.0,1969.5991217518133,89.41846651064128,23.248801292766736
100155,6.0,1783.0,1877.0,676.1666666666666,0.867693192427332,0.0,684.9701351315852,46.743642789601964,12.153347125296511
100156,3.0,1428.0,2026.0,3591.3333333333335,0.6697629022923048,0.0,3670.4136065954385,96.63400146382352,25.124840380594115
100158,4.0,796.0,1120.0,4060.2749999999996,0.6441629755291925,0.0,4126.630687380519,235.13228711242755,61.13439464923116
100159,1.0,350.0,1094.0,4008.0,0.5245998022964227,0.0,4283.087571607129,66.33212531004503,17.24635258061171
100160,1.0,42.0,906.0,52675.0,0.1975545020843481,0.0,56154.33369739373,388.78416143185615,101.0838819722826
100162,1.0,1431.0,2155.0,3225.0,0.7249499523544537,0.0,3448.5346771100176,38.96440154437618,10.130744401537807
100165,9.0,1370.0,2185.0,877.1111111111111,0.14924565889999264,0.0,884.3485586815787,13.382524930049717,3.4794564818129268
100166,7.0,1805.0,2116.0,1544.7142857142858,0.7607818301821445,0.0,1559.981853003026,96.40661094155992,25.06571884480558
100167,24.0,1783.0,2162.0,14478.197916666666,0.21407359994846906,0.0,14515.998161472142,824.4678322056701,214.36163637347423
100168,1.0,400.0,409.0,1215.0,0.8185029517410112,0.0,1306.1958291672418,74.34030703562588,19.32847982926273
100169,1.0,39.0,1928.0,1280.0,0.07890240437051223,0.0,1375.4754436529533,1.8729144638409216,0.48695776059863966
100170,2.0,101.0,1949.0,1076.75,0.01628231485906252,0.0,1116.4885129057611,0.5268606387081655,0.13698376606412302
100172,2.0,93.0,1879.0,269.0,0.01596773500903833,0.0,282.99477947255684,0.13563288447219835,0.03526454996277157
100173,2.0,294.0,2173.0,672.5,0.0665903813516423,0.0,699.3546945951789,1.2181027362812586,0.3167067114331273
100174,1.0,230.0,282.0,1999.0,0.7881977139969253,0.0,2141.81456388721,157.0014130741366,40.82036739927552
100175,6.0,959.0,2033.0,436.8333333333333,0.08692841217060171,0.0,443.14711001578763,2.8532032273286125,0.7418328391054393
100176,1.0,100.0,1760.0,667.0,0.1458874951359295,0.0,722.1153870415496,1.9864200948685133,0.5164692246658135
100178,4.0,1736.0,1911.0,2448.5,0.8283009067622242,0.0,2489.5741858527076,110.17549901450218,28.645629743770566
100181,4.0,1764.0,2144.0,1460.5,0.7597512308226222,0.0,1486.076908931625,54.12996001848033,14.073789604804887
100182,4.0,255.0,2005.0,438.0,0.002347388674657236,0.0,447.5384821585408,0.05414567245711086,0.014077874838848824
100185,14.0,1406.0,1913.0,4693.46,0.19031411336103152,0.0,4715.014932196663,158.01658692084737,41.08431259942032
100186,2.0,1025.0,1179.0,2046.75,0.8003524905188668,0.0,2117.4033026677025,78.60926507059528,20.438408918354774
100187,1.0,104.0,562.0,2300.0,0.44353505992322456,0.0,2462.632470967198,58.40256626513676,15.18466722893556
100188,3.0,295.0,1654.0,655.6666666666666,0.03350078685998328,0.0,673.0276965647122,1.0809511960207538,0.28104731096539604
100190,1.0,3.0,1928.0,4076.0,0.050411500584570175,0.0,4355.564706761412,3.787421184072163,0.9847295078587625
100192,1.0,264.0,1779.0,1275.0,0.29363290107367823,0.0,1370.1462425386678,7.525711494232179,1.9566849885003665
100193,1.0,7.0,647.0,1721.92,0.19532068562724778,0.0,1846.491554937964,17.077854180981923,4.4402420870553
100195,2.0,175.0,247.0,8370.0,0.7530563188713333,0.0,8642.181080360688,1122.7605975096312,291.9177553525041
100196,7.0,1422.0,2045.0,2781.6428571428573,0.4300250106720357,0.0,2807.9231624391773,102.11241950202398,26.549229070526238
100205,4.0,799.0,2004.0,1632.75,0.13800887333611112,0.0,1661.0287368158927,11.839540160068491,3.078280441617808
100206,3.0,731.0,1854.0,271.6666666666667,0.24582070754229884,0.0,280.9545083785653,2.970805925306956,0.7724095405798086
100207,1.0,15.0,1515.0,1050.0,0.08115576991601291,0.0,1130.33219239582,1.9919780978590602,0.5179143054433557
100208,2.0,379.0,1774.0,18350.0,0.15776372629424104,0.0,18940.2528348186,94.98089006905185,24.695031417953484
100209,2.0,37.0,1038.0,1747.5,0.02513919706320985,0.0,1808.6159306715572,2.3868207033898354,0.6205733828813572
100210,2.0,686.0,1248.0,4570.155,0.5917073064138884,0.0,4721.231534687529,123.27969540523779,32.05272080536183
100211,28.0,2131.0,2141.0,8028.53,0.9612567834626995,0.0,8046.657673268502,2356.1538753774284,612.6000075981315
100213,15.0,1679.0,2134.0,2017.6,0.3288525721845133,0.0,2026.646686032618,112.66214651458283,29.292158093791535
100214,6.0,1356.0,1527.0,4164.333333333333,0.813891851106235,0.0,4209.422845889611,327.85244366982636,85.24163535415485
100215,11.0,1611.0,1871.0,1729.9363636363635,0.7237122165066087,0.0,1740.6667666241508,176.92555981999476,46.00064555319864
100216,2.0,457.0,1949.0,601.5,0.17984836050219952,0.0,626.0918594682739,3.272787561505153,0.8509247659913398
100217,3.0,958.0,2044.0,1934.3333333333333,0.354296927435054,0.0,1978.5769586151112,27.446247096618947,7.136024245120926
100219,3.0,1156.0,2185.0,763.0,0.4442819196667491,0.0,782.6175981236873,12.75807442865661,3.3170993514507185
100220,5.0,1543.0,1952.0,2198.4,0.7060743889912064,0.0,2228.0280470865823,101.1116135598921,26.28901952557195
100221,6.0,1309.0,1760.0,1311.1666666666667,0.5972349929872266,0.0,1326.5757936909088,66.64381260971783,17.327391278526637
100222,1.0,35.0,661.0,3548.0,0.2549718624312268,0.0,3792.801069092862,44.93235171756839,11.682411446567782
100223,4.0,567.0,751.0,90990.6125,0.707075110616214,0.0,92420.51425325166,8282.691178228935,2153.499706339523
100224,2.0,903.0,1690.0,30.0,0.5686251241317243,0.0,36.37763024255273,0.6870736511813649,0.17863914930715488
100225,2.0,34.0,561.0,12368.94,0.08546645213545373,0.0,12768.57096630978,99.16799189396279,25.783677892430326
100226,4.0,386.0,547.0,1918.6775,0.6643101674188571,0.0,1951.4411534625049,216.48534737427903,56.28619031731255
100229,7.0,971.0,1940.0,5352.857142857143,0.07268605983902657,0.0,5402.029723377743,35.165032534463265,9.142908458960449
100230,1.0,210.0,1557.0,4843.0,0.2818996593743537,0.0,5173.064157692809,30.946220458829316,8.046017319295622
100231,3.0,138.0,1246.0,30128.333333333332,0.013983438581402507,0.0,30765.32557246987,26.917371984237814,6.9985167159018316
100232,6.0,722.0,2185.0,3464.3333333333335,0.011535588225438532,0.0,3502.1410175564993,2.792719385500578,0.7261070402301504
100233,5.0,1078.0,2164.0,702.4,0.18412359700579126,0.0,713.3143439174472,7.725248850908153,2.00856470123612
100234,14.0,1356.0,2164.0,2556.8571428571427,0.02543308709166615,0.0,2568.942827720914,10.271438410041835,2.670573986610877
100235,2.0,82.0,2149.0,1511.25,0.01006774132233181,0.0,1564.836426464074,0.41555766686972523,0.10804499338612857
100236,1.0,15.0,876.0,298.0,0.15555059519349948,0.0,328.82034480727873,1.8480161735852192,0.480484205132157
100238,9.0,1026.0,2082.0,952.2222222222222,0.020977799367082772,0.0,959.9787709491336,2.1430882262570607,0.5572029388268358
100240,7.0,1055.0,1940.0,1802.142857142857,0.12151347963950208,0.0,1819.7023865370033,19.78772229847006,5.144807797602216
100241,1.0,252.0,1428.0,13065.9,0.34823880223735726,0.0,13937.361726224477,111.79252115308361,29.06605549980174
100243,3.0,1447.0,1917.0,1300.0,0.7175586024105925,0.0,1330.9074472277523,39.540249482838036,10.280464865537889
100246,3.0,1100.0,1471.0,700.0,0.7143199315161963,0.0,718.2930906868976,27.287255825586147,7.094686514652398
100247,16.0,1080.0,1438.0,22506.348125,0.17952732876059627,0.0,22594.23709347378,1064.9896703685988,276.8973142958357
100249,10.0,1529.0,1746.0,13221.7,0.7702450413560282,0.0,13304.939506407422,1400.8854146654155,364.23020781300806
100251,3.0,772.0,920.0,1633.1333333333332,0.7868010976395234,0.0,1671.0445516316022,107.6596375596894,27.991505765519246
100252,17.0,2121.0,2123.0,1378.0258823529414,0.9481956976426121,0.0,1383.6718683512256,247.34402130102026,64.30944553826527
100253,10.0,1358.0,1564.0,1964.0,0.756572497530425,0.0,1977.264983109036,226.92947868158134,59.00166445721115
100254,14.0,1818.0,2058.0,4417.025,0.742399637975454,0.0,4437.354795116219,532.9765013244439,138.57389034435542
100255,6.0,1534.0,1774.0,3307.3333333333335,0.7870869062076121,0.0,3343.5078074875014,218.76571472645315,56.87908582887782
100256,10.0,1089.0,2072.0,1088.3200000000002,0.02157219426191935,0.0,1096.1420160232256,2.7973784023425194,0.7273183846090551
100259,3.0,1856.0,1970.0,5165.0,0.8397274308517283,0.0,5277.164927278423,178.37466113472288,46.377411895027954
100260,6.0,1412.0,2141.0,9082.241666666667,0.41202639469997226,0.0,9178.490270996255,265.04423932406087,68.91150222425583
100261,3.0,600.0,945.0,18393.333333333332,0.6113938227467955,0.0,18783.60978245832,920.6748421063452,239.37545894764975
100264,2.0,647.0,1858.0,3074.0,0.3373999357004169,0.0,3177.392702443944,32.60619217278423,8.4776099649239
100266,1.0,923.0,1822.0,8994.0,0.6486406437538603,0.0,9597.366922772642,113.92962279902633,29.621701927746848
100267,7.0,1428.0,1773.0,1477.857142857143,0.6820358128112655,0.0,1492.5294613859885,98.02074904792411,25.48539475246027
100268,3.0,903.0,1968.0,771.6666666666666,0.34047926944237206,0.0,791.4664721626108,10.94101018655318,2.844662648503827
100269,2.0,513.0,1389.0,9600.0,0.37932781765545753,0.0,9911.38230861552,150.45375984251487,39.11797755905387
100270,1.0,508.0,1564.0,45885.0,0.514833124518093,0.0,48917.278584194006,532.7541692615463,138.51608400800203
100271,13.0,1183.0,2173.0,19649.30769230769,0.006519439047491454,0.0,19743.934736007617,18.75708391893169,4.87684181892224
100272,1.0,39.0,749.0,695.0,0.2338347757677766,0.0,751.9589132815485,7.314586691528345,1.9017925397973698
100275,22.0,1662.0,1952.0,1901.590909090909,0.423941236496564,0.0,1907.4243436531735,215.74465715413695,56.09361086007561
100277,1.0,68.0,2043.0,129.0,0.09605817907697753,0.0,148.69334714442846,0.233273014715353,0.06065098382599178
100279,11.0,1608.0,1953.0,1385.0,0.6162253883350384,0.0,1393.782392736633,116.14215612859145,30.19696059343378
100282,4.0,758.0,2018.0,2381.525,0.11186813301418308,0.0,2421.548649292192,13.90083304666806,3.6142165921336957
100285,1.0,8.0,1634.0,38690.0,0.06715521708661838,0.0,41248.55818073716,55.97770615338628,14.554203599880433
100286,18.0,1868.0,2172.0,59901.6238888889,0.5756536553484396,0.0,60108.49022700493,6821.499310519303,1773.589820735019
100287,1.0,1225.0,1564.0,8396.0,0.768636272952466,0.0,8959.994469504094,145.5297088389565,37.83772429812869
100288,2.0,171.0,808.0,2087.0,0.20992138564748794,0.0,2158.9361070882364,29.84516469378634,7.7597428203844485
100291,2.0,538.0,947.0,3245.0,0.6169292752806695,0.0,3353.8426292988843,117.62606890955843,30.582777916485192
100292,3.0,154.0,1899.0,792.6666666666666,0.0045260944229275485,0.0,812.9079746415407,0.15446270895025618,0.04016030432706661
100293,2.0,743.0,1199.0,1072.5,0.6538567886093172,0.0,1112.1030615073196,33.27809066517832,8.652303572946362
100294,1.0,61.0,2065.0,634.0,0.08925970055109014,0.0,686.9426596872652,0.9909854549193156,0.2576562182790221
100296,1.0,209.0,323.0,599.0,0.7434288227559094,0.0,649.6382518872666,40.52762168277131,10.537181637520542
100297,10.0,1914.0,2155.0,1146.5,0.792093853515191,0.0,1154.6836456425526,102.29894483997579,26.597725658393706
100298,2.0,157.0,1249.0,2975.55,0.08022475857530645,0.0,3075.8050106376936,10.909039637990924,2.8363503058776405
100299,1.0,63.0,1358.0,2100.0,0.1508351633811717,0.0,2249.4644263957775,8.175837219069173,2.125717676957985
100300,5.0,1498.0,2173.0,4114.4,0.5409355816930207,0.0,4167.995597402132,131.25781701684974,34.127032424380936
100301,7.0,427.0,2117.0,5916.285714285715,0.00019719869291323958,0.0,5970.474664697392,0.09690475354472118,0.025195235921627507
100303,2.0,235.0,1768.0,7210.5,0.07128768363532802,0.0,7445.72675177412,16.911115824184343,4.396890114287929
100304,7.0,1063.0,2086.0,785.1428571428571,0.07989795058631209,0.0,793.6477371316838,5.298500177331413,1.3776100461061676
100305,1.0,1047.0,1911.0,12052.5,0.6713788854855266,0.0,12857.23924438109,150.95150636043792,39.24739165371386
100307,10.0,1387.0,1830.0,2556.96,0.4458163534563886,0.0,2573.910646551392,151.30064726729853,39.33816828949762
100309,2.0,264.0,1695.0,2213.0,0.09456466227430467,0.0,2288.951842665561,7.1807335183832395,1.8669907147796423
100310,1.0,36.0,1241.0,950.0,0.13131999560836866,0.0,1023.7481701101096,3.523696311276024,0.9161610409317662
100311,7.0,560.0,591.0,2985.1428571428573,0.8745327056597894,0.0,3013.234982649583,684.7081225918372,178.02411187387767
100312,1.0,366.0,1928.0,1396.0,0.3494358504846795,0.0,1499.1129095043773,9.080950518151228,2.3610471347193194
100313,2.0,898.0,1738.0,435.0,0.5495227412367596,0.0,454.28535174109527,8.076524510508333,2.0998963727321667
100314,9.0,883.0,2178.0,1082.888888888889,0.0038776646705750125,0.0,1091.5484893317443,0.431287487163312,0.11213474666246112
100315,3.0,490.0,939.0,38142.0,0.4684441418247213,0.0,38947.47098669136,1474.5183000509076,383.374758013236
100320,1.0,47.0,1904.0,725.0,0.0868883826480232,0.0,783.9341199672615,1.18989457739355,0.30937259012232304
100321,16.0,1034.0,2185.0,820.49375,0.0001616265118346633,0.0,824.3331055837381,0.023642936885205544,0.0061471635901534415
100323,4.0,625.0,2086.0,4467.5,0.048672896499776894,0.0,4540.243216322005,10.986253964153919,2.856426030680019
100324,4.0,1617.0,1968.0,3746.775,0.759297551612579,0.0,3808.2132822036374,150.44148015634218,39.114784840648966
100325,7.0,2039.0,2124.0,525.2857142857143,0.8805360187311432,0.0,531.4770098851216,37.76819083741758,9.819729617728571
100327,2.0,1583.0,2103.0,3857.5,0.7393884115532738,0.0,3985.8635661331,79.33838228071478,20.627979392985843
100328,1.0,190.0,1968.0,1050.0,0.20461838995011117,0.0,1130.33219239582,3.9246834698179667,1.0204177021526715
100329,1.0,14.0,884.0,1972.5,0.15217330635284168,0.0,2113.569797981497,11.52513200276939,2.9965343207200412
100331,4.0,1478.0,1781.0,3471.75,0.7675847313829492,0.0,3528.874376753009,154.92733439432726,40.28110694252509
100332,1.0,54.0,2178.0,1848.0,0.0782854132519301,0.0,1980.8726902357876,2.3803510546836057,0.6188912742177375
100333,1.0,76.0,1141.0,149.0,0.20194150314348944,0.0,170.0101516015705,0.9736696212018512,0.2531541015124813
100336,2.0,123.0,2072.0,12796.0,0.01840854020798229,0.0,13209.241760243527,6.645818104958829,1.7279127072892957
100339,2.0,241.0,913.0,1019.25,0.26646074008156256,0.0,1057.1559351621408,16.609984340889856,4.318595928631362
100340,3.0,427.0,1952.0,330.0,0.052779165768471865,0.0,340.51423748670396,0.7362207501807079,0.19141739504698405
100342,2.0,375.0,1847.0,975.5,0.1430720800217856,0.0,1012.0115825311256,4.428806279628153,1.15148963270332
100343,6.0,1527.0,1907.0,3354.875,0.6974164706828914,0.0,3391.5440316617915,183.97014136977378,47.832236756141185
100344,21.0,1862.0,2166.0,5515.986666666667,0.4972641605771346,0.0,5532.7620858591845,633.7520273683656,164.77552711577505
100345,25.0,2141.0,2185.0,823.1232000000001,0.9395991873644989,0.0,825.5834771451996,207.47191988801387,53.94269917088361
100347,3.0,165.0,2149.0,1298.6000000000001,0.003508914596990377,0.0,1329.478013729157,0.1738963800415269,0.045213058810797
100349,1.0,24.0,598.0,634.0,0.25352472326211783,0.0,686.9426596872652,8.830866377978328,2.296025258274365
100355,6.0,1051.0,1968.0,2172.3333333333335,0.16677649507491735,0.0,2196.7008429759544,27.956624221464818,7.268722297580853
100358,1.0,24.0,2040.0,2072.0,0.06203150723251167,0.0,2219.6209001557786,2.249888945434317,0.5849711258129224
100359,1.0,35.0,1262.0,9825.0,0.12745690653997455,0.0,10483.080147966893,34.474778168703885,8.96344232386301
100360,4.0,842.0,1900.0,932.0,0.19861169990436017,0.0,949.2871206190821,10.238954688184561,2.662128218927986
100361,6.0,226.0,1662.0,1379.1783333333333,0.0001413171949087498,0.0,1395.2949593308833,0.017688280080170777,0.004598952820844402
100362,1.0,296.0,2144.0,398.0,0.2669020523003256,0.0,435.404367092989,1.818435274255507,0.47279317130643184
100364,5.0,1813.0,1906.0,1269.2,0.8622943610804029,0.0,1287.2045357331328,72.72706772185805,18.909037607683093
100366,9.0,1311.0,1781.0,1774.3333333333333,0.4298094156910601,0.0,1787.7715824397246,94.03371363147137,24.448765544182557
100367,6.0,1458.0,1577.0,5189.333333333333,0.8479735366134681,0.0,5245.085523091669,412.5940469282012,107.27445220133231
100368,13.0,2038.0,2054.0,4248.331538461538,0.9317667002215148,0.0,4269.4272099328555,597.0600520076962,155.23561352200102
100369,1.0,1328.0,2157.0,974.0,0.7039879939115219,0.0,1049.3283354586802,11.504712316075771,2.9912252021797006
100370,25.0,2116.0,2166.0,1550.6668,0.9352975678334574,0.0,1554.9292342098404,392.2777076705826,101.99220399435147
100372,4.0,281.0,2159.0,62.084999999999994,0.002367551692868326,0.0,65.72706631462495,0.0074701039909569195,0.0019422270376487992
100373,2.0,71.0,218.0,37855.0,0.5274093590675771,0.0,39066.89507637187,3898.6355849435085,1013.6452520853122
100374,2.0,465.0,2033.0,1144.5,0.17071108207955135,0.0,1186.397767551505,5.653821741291194,1.4699936527357107
100375,5.0,1192.0,1409.0,324.0,0.7759277747976961,0.0,330.18087782172483,22.363370845962258,5.8144764199501875
100377,4.0,675.0,2123.0,782.25,0.06027215122554572,0.0,797.188216551337,2.3489986004391064,0.6107396361141677
100378,7.0,664.0,1982.0,3096.6428571428573,0.005243083457210923,0.0,3125.727699865604,1.4380288377312842,0.3738874978101339
100379,7.0,1027.0,1330.0,4752.072857142856,0.6225308240181563,0.0,4795.896478887283,377.1121243826512,98.04915233948931
100380,1.0,76.0,2115.0,497.02,0.09815559702755278,0.0,540.9438659602993,0.8388540522769847,0.21810205359201604
100381,3.0,504.0,987.0,4058.9733333333334,0.44983731919104997,0.0,4147.88523608338,144.1576058797011,37.480977528722285
100382,3.0,497.0,591.0,6590.333333333333,0.7924317445103953,0.0,6732.464365372142,645.6343239416937,167.86492422484037
100385,4.0,847.0,1990.0,2259.5,0.17250680940245422,0.0,2297.6096257939175,20.60167461006943,5.356435398618052
100386,16.0,2044.0,2136.0,4954.59375,0.8984619437766634,0.0,4974.455970011404,790.8839643584381,205.62983073319393
100387,3.0,780.0,1599.0,3091.066666666667,0.39268183125395417,0.0,3159.6293697640417,61.30247093661676,15.938642443520358
100388,2.0,278.0,1806.0,1540.0,0.0901656839841632,0.0,1594.5027153358842,4.490151993939505,1.1674395184242714
100389,4.0,736.0,2080.0,3416.625,0.08965942704395385,0.0,3472.8847134025286,15.524061064452749,4.036255876757715
100390,2.0,166.0,2150.0,1123.5,0.026314461607575428,0.0,1164.7284782886175,0.8087530703891911,0.2102757983011897
100391,3.0,388.0,2019.0,7729.09,0.03662575607774529,0.0,7895.16216971649,11.465824302504076,2.98111431865106
100393,3.0,489.0,1598.0,4322.0,0.13708826542565095,0.0,4416.441756338523,30.002096730656792,7.800545149970766
100395,10.0,1730.0,1899.0,4695.0,0.831511839883851,0.0,4725.240068883917,495.204598669633,128.7531956541046
100396,6.0,1065.0,2178.0,586.8333333333334,0.10371190465795373,0.0,594.7075018014547,4.276156507822837,1.1118006920339378
100399,3.0,814.0,906.0,3738.9133333333334,0.8202568150686336,0.0,3821.096317825937,260.0642644415928,67.61670875481413
100401,15.0,1266.0,1472.0,2199.866666666667,0.6542949050527141,0.0,2209.667068092631,344.0664243548395,89.45727033225828
100402,9.0,2071.0,2095.0,1766.0,0.9127503262352207,0.0,1779.3806565224663,168.25096455263557,43.74525078368525
100403,1.0,1064.0,1983.0,3084.0,0.6647998110933504,0.0,3298.251205687166,37.01638300186978,9.624259580486143
100405,4.0,1770.0,1897.0,1041.0,0.8438228365860968,0.0,1059.9968404413473,48.10864921535314,12.508248795991816
100406,2.0,157.0,661.0,2548.0,0.26445259367750434,0.0,2634.628599954479,54.79362418465299,14.246342288009778
100407,1.0,41.0,1969.0,650.0,0.0784203476711929,0.0,703.9961032529789,0.9337014582289734,0.2427623791395331
100410,1.0,645.0,2117.0,1062.5,0.4852036817872946,0.0,1143.6551951815336,8.802599997332191,2.2886759993063697
100411,12.0,1153.0,2141.0,1421.8033333333333,0.009660664137700545,0.0,1430.0405079330467,1.8892627420513723,0.4912083129333568
100413,1.0,15.0,701.0,1850.0,0.19745960556429504,0.0,1983.0043706815018,17.276312532967783,4.491841258571624
100414,2.0,315.0,2005.0,2690.0,0.08941244140474248,0.0,2781.154270208289,7.028951389799869,1.827527361347966
100417,3.0,776.0,2122.0,120.33333333333333,0.20065384085416518,0.0,126.4395540065942,0.9597139339737553,0.24952562283317636
100418,2.0,374.0,2173.0,1476.75,0.10192369765921054,0.0,1529.2368798179018,4.079640799427892,1.060706607851252
100422,1.0,220.0,2145.0,172.5,0.20928059748771796,0.0,195.0573968387124,0.6379165196223098,0.16585829510180056
100423,22.0,1608.0,2185.0,4431.272727272727,0.031174306008653244,0.0,4444.229171954079,33.58591840079417,8.732338784206485
100425,12.0,1360.0,2089.0,3203.7083333333335,0.08185390597141252,0.0,3221.1657835414403,36.86734145305577,9.585508777794502
100426,12.0,1393.0,2145.0,1098.8916666666667,0.07921175277251435,0.0,1105.4579696072105,11.939009631470645,3.104142504182368
100427,3.0,1295.0,2165.0,520.0,0.5427614719862883,0.0,534.5087837246413,10.724385088063675,2.788340122896556
100430,7.0,492.0,1662.0,9970.0,0.002659053577229209,0.0,10060.280358126996,2.77498633248642,0.7214964464464692
100431,12.0,1401.0,2017.0,5595.305833333333,0.16088551232302972,0.0,5625.13834736041,130.6004159188233,33.95610813889406
100432,1.0,57.0,976.0,2249.0,0.20701807853678966,0.0,2408.2746196014855,16.326676575266664,4.244935909569333
100433,3.0,1451.0,1907.0,863.3333333333334,0.72283589475755,0.0,885.0603321896858,26.617600781640952,6.920576203226648
100434,4.0,1470.0,1515.0,840.75,0.8646278292913104,0.0,856.6058184742958,49.2480544022446,12.804494144583597
100435,2.0,145.0,1905.0,1216.25,0.028254258619727125,0.0,1260.4345058663703,1.0554401912972902,0.27441444973729545
100436,1.0,608.0,2178.0,236.0,0.45673705948454285,0.0,262.7382509901384,1.8523831316336181,0.4816196142247407
100437,2.0,63.0,191.0,250.0,0.5521756542493665,0.0,263.38923204423014,30.097787972292547,7.825424872796063
100438,15.0,1980.0,2081.0,15607.0,0.8897343805566689,0.0,15672.242040639447,2376.664227402108,617.9326991245481
100440,4.0,187.0,1708.0,1515.795,0.0017405926848580847,0.0,1542.239238817608,0.16126370425002007,0.04192856310500522
100442,3.0,1378.0,2039.0,3548.6666666666665,0.6388725218838677,0.0,3626.8499190191997,90.57422610600727,23.54929878756189
100443,4.0,1241.0,1731.0,1460.0,0.6424510966796004,0.0,1485.5690661801466,56.21804382795834,14.61669139526917
100444,1.0,1499.0,1849.0,429.0,0.7763484661736972,0.0,468.4454140015592,6.557735333700451,1.7050111867621174
100445,3.0,907.0,1736.0,481.0,0.44156062517922007,0.0,494.68885054948566,9.979210920960087,2.5945948394496225
100446,8.0,1079.0,2148.0,3967.09375,0.04247321635456034,0.0,3999.288302430408,15.67395420668079,4.075228093737006
100448,1.0,335.0,807.0,88.2,0.6106717674875943,0.0,105.20706605185867,2.499899613593055,0.6499738995341944
100450,1.0,230.0,588.0,297.0,0.6091750048470347,0.0,327.7545045844216,10.261753273371664,2.6680558510766326
100453,1.0,8.0,913.0,3145.0,0.1362128001939679,0.0,3363.2674592814496,15.941119048422985,4.144690952589976
100454,3.0,1541.0,1647.0,46596.0,0.8369028711090247,0.0,47579.207270352,1899.739021773275,493.9321456610515
100457,1.0,133.0,451.0,229.0,0.5612616218556895,0.0,255.2773694301387,9.216040909333085,2.396170636426602
100458,1.0,371.0,1977.0,1899.0,0.3451502221062319,0.0,2035.2305416015,11.888666193680468,3.0910532103569217
100459,3.0,175.0,2061.0,4713.5,0.004598121816732742,0.0,4816.172623981431,0.8594773650198423,0.223464114905159
100460,4.0,1234.0,1361.0,1103.75,0.8282390293818643,0.0,1123.7311057518716,68.47146833993163,17.802581768382225
100462,1.0,76.0,1731.0,13298.0,0.12554022188475925,0.0,14184.74324194961,34.098631485518716,8.865644186234867
100463,1.0,18.0,2051.0,99.16,0.05718540079296418,0.0,116.88867489437251,0.10865246924318825,0.028249642003228947
100466,3.0,105.0,941.0,33098.473333333335,0.019769619209614377,0.0,33797.90958069696,54.18462612518746,14.088002792548739
100467,3.0,1010.0,2016.0,10404.066666666668,0.4042994744207916,0.0,10626.377352069492,170.33838322573806,44.287979638691894
100470,4.0,895.0,2074.0,276.0,0.1792129081040657,0.0,282.9974306795778,2.5339261852705746,0.6588208081703494
100474,1.0,49.0,112.0,22906.769999999997,0.7287172190289225,0.0,24426.156800132245,3018.8280873180283,784.8953027026874
100476,3.0,83.0,1647.0,11539.666666666666,0.0021975857325918025,0.0,11785.852124215815,1.2459848864547076,0.323956070478224
100477,3.0,416.0,899.0,9615.666666666666,0.38674495053643204,0.0,9821.402087574808,319.70777761640153,83.1240221802644
100478,6.0,1561.0,1907.0,2265.6666666666665,0.7249723251317024,0.0,2291.0050867537025,129.10208301476152,33.566541583837996
100479,111.0,2093.0,2145.0,61335.121981981974,0.8793739233580921,1.0,61369.36957184063,64405.67850346423,16745.4764109007
100481,1.0,43.0,1368.0,2475.0,0.12539095104973683,0.0,2649.1545099671907,7.946632725653187,2.0661245086698288
100482,6.0,301.0,1582.0,3242.1666666666665,0.0007570125191888334,0.0,3277.6632372783943,0.23318030251593908,0.060626878654144165
100483,3.0,837.0,1267.0,946.6666666666666,0.631300130827938,0.0,970.1456594870267,37.495525225758186,9.748836558697128
100484,4.0,1464.0,1515.0,5515.0,0.8626082194346735,0.0,5604.1737806690035,321.45697796388066,83.57881427060897
100485,2.0,437.0,1900.0,1335.75,0.17520811993703156,0.0,1383.7430804813723,7.21976250673072,1.8771382517499873
100486,9.0,1338.0,1963.0,1224.5888888888887,0.2729740688890388,0.0,1234.2277936288046,37.73389777390465,9.81081342121521
100487,4.0,1195.0,1849.0,3867.145,0.5374658905755626,0.0,3930.4713461945184,117.117368961648,30.45051593002848
100488,92.0,2056.0,2185.0,11375.63760869565,0.27528788865472353,0.0,11383.395167073919,3110.710495897989,808.7847289334771
100489,4.0,1072.0,1205.0,2180.0,0.817351295162723,0.0,2216.8626283088706,149.29575725475127,38.816896886235334
100491,8.0,828.0,1955.0,2723.4875,0.012161989552714633,0.0,2746.0046550970633,3.371944472672863,0.8767055628949444
100492,6.0,720.0,2156.0,4351.5,0.01232295936704572,0.0,4398.536534751061,3.7953725656869763,0.9867968670786139
100493,7.0,882.0,2156.0,12421.285714285714,0.018842054840292655,0.0,12533.390588376453,19.12673255503482,4.972950464309053
100494,5.0,1591.0,1920.0,842.6200000000001,0.754055932067252,0.0,855.2883783147576,42.065784794534736,10.937104046579032
100495,2.0,588.0,1960.0,971.5,0.26809773347497307,0.0,1007.8840988620042,7.81217754632831,2.0311661620453605
100497,8.0,1265.0,2141.0,684.9,0.13696780896522964,0.0,691.553435180659,8.754155731373425,2.2760804901570904
100498,6.0,1165.0,1920.0,29501.833333333332,0.30112848591973357,0.0,29810.499025018522,699.5859477422816,181.89234641299322
100500,7.0,1783.0,1793.0,6802.428571428572,0.904608431644417,0.0,6864.507111706971,588.4271864413435,152.9910684747493
100501,1.0,14.0,1360.0,3000.0,0.09164263112767533,0.0,3208.7206269671697,7.070961244929987,1.8384499236817966
100503,4.0,343.0,2124.0,886.6,0.005043512229113296,0.0,903.1749987848542,0.22222566755844383,0.0577786735651954
100504,2.0,73.0,1165.0,2060.0,0.03545027815757603,0.0,2131.075592321667,3.5627912908767927,0.9263257356279662
100505,3.0,261.0,2159.0,1792.2600000000002,0.010366828429842344,0.0,1833.516685812421,0.7058824443710228,0.18352943553646592
100506,1.0,47.0,1562.0,745.0,0.11106392476935185,0.0,805.2509244244036,1.8874634831405817,0.49074050561655125
100507,4.0,1433.0,1897.0,2832.25,0.689445316196504,0.0,2879.343497612288,107.10573219782381,27.84749037143419
100508,2.0,959.0,1570.0,9591.4,0.6414060293388395,0.0,9902.50821872691,225.97909356831687,58.75456432776239
100515,7.0,640.0,1200.0,13219.048571428571,0.12393805952637217,0.0,13338.256162313819,232.3261441121333,60.40479746915466
100516,3.0,365.0,1998.0,1703.6666666666667,0.032121986912440045,0.0,1743.0607726560718,2.242137323473698,0.5829557041031616
100517,3.0,1659.0,1925.0,7810.0,0.7964567603136072,0.0,7977.773215696025,261.6664415766535,68.0332748099299
100518,1.0,39.0,1687.0,500.0,0.09335904190979447,0.0,544.1200698244135,0.9961889311645118,0.25900912210277305
100519,3.0,752.0,1949.0,163.33333333333334,0.2317620291521972,0.0,170.34358289202214,1.6194624230748524,0.42106022999946163
100520,1.0,825.0,2177.0,359.0,0.5545977415631413,0.0,393.836598401562,3.3734640170909804,0.877100644443655
100522,5.0,218.0,2095.0,2575.2,0.00018511060546830288,0.0,2609.541498526509,0.02928801149179061,0.007614882987865559
100524,5.0,1301.0,2177.0,301.0,0.36182091892703955,0.0,306.89316714465923,6.47512007279398,1.6835312189264349
100525,2.0,58.0,947.0,375.0,0.04418183187298615,0.0,392.37309670427413,0.9896813370180965,0.2573171476247051
100526,16.0,1895.0,2177.0,4803.5625,0.6657154742154406,0.0,4822.839356028169,561.6453981478843,146.02780351844993
100527,14.0,1609.0,1891.0,947.7557142857141,0.634428891474052,0.0,952.7099945649072,106.30446128939232,27.639159935242006
100528,8.0,1811.0,2141.0,1318.25,0.735199180881839,0.0,1329.8319884112927,89.12173678663962,23.1716515645263
100529,6.0,737.0,2067.0,673.3333333333334,0.018181127276605584,0.0,682.1073277311893,0.9042835233285678,0.23511371606542764
100531,2.0,770.0,2178.0,506.5,0.33871026866327103,0.0,528.0641223266405,4.674037503453386,1.2152497508978803
100532,2.0,166.0,1113.0,105372.0,0.11016348317637831,0.0,108735.72379838939,589.4618913903273,153.2600917614851
100533,2.0,1134.0,1218.0,83027.0,0.8238685949351808,0.0,85678.56815175993,3175.9484736847776,825.7466031580421
100534,6.0,721.0,1652.0,3787.6666666666665,0.06083535844319214,0.0,3828.83786207227,21.01904215319444,5.464950959830555
100537,8.0,1156.0,2178.0,1594.0,0.06364404141766851,0.0,1607.7277980794813,9.314776788153342,2.421841964919869
100542,1.0,26.0,1224.0,859.0,0.12009697291172568,0.0,926.7567098301133,2.9547413650354875,0.7682327549092267
100547,1.0,113.0,1205.0,1370.0,0.23963948354515,0.0,1471.4010637100926,9.509564842714934,2.472486859105883
100549,8.0,1666.0,1668.0,8456.25,0.9140661134293643,0.0,8523.377915560994,896.1049955337681,232.98729883877974
100550,3.0,356.0,813.0,42163.333333333336,0.3582014447663567,0.0,43053.348540751846,1421.435151891272,369.57313949173073
100551,3.0,146.0,1541.0,3084.6666666666665,0.007966741808142221,0.0,3153.0948166276053,1.2869083802484091,0.33459617886458637
100554,1.0,301.0,1199.0,9086.0,0.4512094080135912,0.0,9695.424223275495,118.65969293917537,30.851520164185597
100555,2.0,636.0,1701.0,1395.5,0.3761184822706388,0.0,1445.3973677888732,17.976400192241936,4.673864049982903
100556,12.0,630.0,1829.0,1632.9583333333333,7.058356759147028e-05,0.0,1642.2881067506548,0.018418921255213695,0.004788919526355561
100557,5.0,1623.0,1743.0,6548.8,0.8488352521620288,0.0,6632.847896195543,401.67791600642613,104.43625816167079
100558,2.0,252.0,2124.0,2917.2749999999996,0.05360605731506169,0.0,3015.6727329331807,4.32043680735409,1.1233135699120635
100559,5.0,1308.0,1778.0,1445.4,0.6259430583235478,0.0,1465.6086497026527,64.53949408778132,16.780268462823145
100560,1.0,358.0,1113.0,55463.0,0.5253684047175555,0.0,59125.89623871933,902.5904810705679,234.67352507834767
100561,1.0,1027.0,1618.0,4598.0,0.7146078676113891,0.0,4911.933303092819,71.86437596248986,18.684737750247365
100563,1.0,100.0,1655.0,2615.0,0.1567434882690394,0.0,2798.372141167185,8.770416955691212,2.280308408479715
100564,1.0,431.0,1316.0,5139.0,0.5236569780882817,0.0,5488.552863658511,71.4917645669664,18.587858787411264
100567,76.0,2150.0,2178.0,11266.599605263156,0.9644148760185627,1.0,11275.902963781395,8750.449737105704,2275.116931647483
100568,3.0,672.0,2103.0,1624.1866666666665,0.14257945866605748,0.0,1661.9097908929596,9.043082725038387,2.3512015085099804
100571,1.0,126.0,1872.0,30.0,0.1589978205210696,0.0,43.17516508157531,0.12208130029494979,0.031741138076686944
100573,5.0,1495.0,2142.0,5991.0,0.55699268620501,0.0,6068.07028681871,199.42601298980307,51.8507633773488
100575,2.0,1343.0,2185.0,2398.0,0.6396487274589887,0.0,2479.847962362426,41.22039132142509,10.717301743570523
100579,6.0,1103.0,1657.0,3069.8333333333335,0.4343132667726054,0.0,3103.537187160195,120.45791391280648,31.319057617329683
100580,1.0,28.0,92.0,58742.31,0.7111037001358673,0.0,62621.11673993686,8363.654295430035,2174.550116811809
100584,2.0,715.0,2115.0,901.5,0.31821132229925736,0.0,935.6531346523795,8.00297448552368,2.0807733662361567
100586,5.0,511.0,2102.0,8485.4,0.006959137150743516,0.0,8593.673135204464,3.618169047478458,0.9407239523443991
100588,6.0,1309.0,1778.0,1559.5833333333333,0.5821242244171061,0.0,1577.5766425315048,76.53295234134232,19.898567608749005
100590,35.0,1994.0,2010.0,58239.76085714286,0.963173588396746,0.0,58343.03332551608,22645.238877362543,5887.7621081142615
100591,1.0,83.0,2165.0,78.24,0.10063614604334896,0.0,94.59129743220193,0.1470620094562915,0.03823612245863579
100594,14.0,907.0,2096.0,2337.8571428571427,0.00018783997773073562,0.0,2348.9722378150873,0.07151463091548096,0.01859380403802505
100595,1.0,11.0,1232.0,850.0,0.09950028091804766,0.0,917.1641478243994,2.4076660602289603,0.6259931756595297
100596,1.0,34.0,336.0,475.0,0.43481530834451937,0.0,517.474064252986,18.358417773047645,4.7731886209923875
100597,8.0,1527.0,1618.0,854.875,0.8711510655378644,0.0,862.8511332707782,89.07075678830626,23.158396764959626
100598,1.0,21.0,1984.0,595.0,0.06200676581953452,0.0,645.3748909958382,0.671642714652419,0.17462710580962895
100599,2.0,733.0,1330.0,1185.0,0.59132835097487,0.0,1228.188539701359,30.206574368666498,7.8537093358532895
100600,5.0,1094.0,2145.0,1009.844,0.2028863284634833,0.0,1024.6042100652624,12.327605268853768,3.2051773699019797
100601,1.0,91.0,380.0,3500.0,0.5365936924182665,0.0,3741.6407383957207,148.49901483318553,38.609743856628235
100602,7.0,719.0,2155.0,1744.0,0.004878726983498131,0.0,1761.0418664768874,0.6958409731563495,0.18091865302065088
100603,2.0,479.0,1690.0,550.0,0.2519620596696247,0.0,572.9505072283358,4.805441307888637,1.2494147400510458
100606,14.0,1316.0,1634.0,9957.128571428571,0.4559335019084783,0.0,10002.011647840054,925.4261276697337,240.61079319413076
100608,105.0,2110.0,2173.0,32934.36180952381,0.8291060776693557,1.0,32953.84912891992,30523.78646309951,7936.184480405873
100609,1.0,27.0,134.0,750.0,0.642498554432045,0.0,810.5801255386891,79.91946283884128,20.779060338098734
100610,3.0,97.0,184.0,1549.0500000000002,0.6292462520966688,0.0,1585.1934563885854,296.55750723386103,77.10495188080387
100612,6.0,1658.0,2162.0,4130.666666666667,0.6370170887839017,0.0,4175.405957955496,183.79225392299605,47.78598601997898
100614,1.0,266.0,1582.0,85170.0,0.32994718153584907,0.0,90788.81173913529,626.4580038421684,162.8790809989638
100615,41.0,1897.0,2185.0,31110.508048780488,0.12611866736392272,0.0,31157.708424655215,1756.2302519979596,456.6198655194695
100616,2.0,514.0,2068.0,6107.0,0.19572654148377958,0.0,6307.057194555252,33.90602262988604,8.81556588377037
100617,1.0,43.0,1597.0,1100.0,0.10400458953534043,0.0,1183.624203538675,2.5436930171863645,0.6613601844684548
100618,7.0,1046.0,2159.0,732.5714285714286,0.05730812627585482,0.0,740.608249706321,3.4325983298065887,0.8924755657497131
100619,3.0,629.0,1625.0,20410.0,0.24109141582522467,0.0,20842.674703053974,244.93326066814075,63.682647773716596
100620,1.0,295.0,318.0,1353.0,0.8097600386410457,0.0,1453.2817799215218,99.87492255103956,25.967479863270288
100621,1.0,3.0,1920.0,798.0,0.05068739501856428,0.0,861.74045623583,0.7564510503242993,0.19667727308431782
100623,6.0,659.0,751.0,36873.458333333336,0.8097879355341954,0.0,37258.80817899864,5522.898474484537,1435.9536033659795
100625,6.0,1813.0,1990.0,3530.8333333333335,0.8351973982829379,0.0,3569.332791248145,221.94635734003268,57.706052908408495
100626,3.0,1171.0,1220.0,685.0,0.8482594982334931,0.0,702.9777317733763,37.66320388289419,9.79243300955249
100627,2.0,1520.0,1598.0,3971.75,0.8305441454649803,0.0,4103.7548184323805,118.94286453216287,30.92514477836235
100628,2.0,54.0,2038.0,1696.0,0.007378262506722576,0.0,1755.474578431619,0.3595570499194353,0.09348483297905319
100630,1.0,4.0,348.0,328.37,0.33013097557834153,0.0,361.18991237544896,9.47329808816345,2.463057502922497
100632,4.0,963.0,2142.0,100.0,0.2038890436007415,0.0,104.236782159223,1.0292954542621748,0.26761681810816546
100634,3.0,348.0,483.0,40792.153333333335,0.7159380849874087,0.0,41653.34095174903,4287.08436733516,1114.6419355071416
100635,15.0,1687.0,2012.0,2419.4166666666665,0.5568268251126157,0.0,2430.1249588092132,240.41419263842891,62.50769008599152
100637,2.0,189.0,1949.0,401.0,0.040332044824570694,0.0,419.2017405535633,0.4904597377670294,0.12751953181942766
100638,61.0,2067.0,2165.0,19659.77524590164,0.7877407867509698,1.0,19679.876795285785,10143.008418680172,2637.1821888568447
100639,9.0,1441.0,1520.0,4892.388888888889,0.8783016965331716,0.0,4927.376363147212,607.9447408413092,158.0656326187404
100641,1.0,1217.0,2066.0,677.06,0.6917234940041309,0.0,732.837739683492,8.227855721075969,2.139242487479752
100642,3.0,1988.0,2089.0,5011.0,0.844074533907083,0.0,5119.927242432937,164.47349500846488,42.76310870220087
100643,2.0,575.0,1122.0,300996.335,0.5584692360029567,0.0,310594.78579719824,8449.80992179169,2196.9505796658395
100644,11.0,337.0,2122.0,5768.0,8.666163849572416e-08,0.0,5801.535158263582,6.378427701486539e-05,1.6583912023865003e-05
100649,4.0,1379.0,2024.0,6110.25,0.5893431683766754,0.0,6208.760576303896,185.95388916570604,48.34801118308357
100650,1.0,15.0,1821.0,350.0,0.0642055172640129,0.0,384.24403639584807,0.44954952740264514,0.11688287712468774
100651,2.0,50.0,2184.0,547.5,0.005860006707061126,0.0,570.3708299351349,0.08679874617205138,0.02256767400473336
100652,2.0,448.0,526.0,12350.0,0.7979321422764367,0.0,12749.027331136489,967.1829940735548,251.46757845912427
100653,1.0,78.0,157.0,13110.0,0.7254966259078546,0.0,13984.365280052476,1413.0847134318406,367.40202549227854
100654,1.0,110.0,617.0,88.2,0.4255955300357816,0.0,105.20706605185867,2.2089580108052473,0.5743290828093643
100655,2.0,1001.0,1795.0,439.565,0.5906015035287729,0.0,458.9958424784801,8.502171129400963,2.2105644936442506
100657,6.0,339.0,1525.0,8936.458333333334,0.0017229550408304894,0.0,9031.190410224119,1.513981637462106,0.3936352257401476
100658,8.0,1074.0,1228.0,1190.75,0.789756396159294,0.0,1201.3398189364277,145.73871940524447,37.89206704536356
100660,1.0,493.0,962.0,4180.0,0.6632024753113495,0.0,4466.412089938551,98.3243217455656,25.564323653847055
100662,1.0,33.0,1919.0,1999.0,0.07443862877333957,0.0,2141.81456388721,2.763492841551677,0.7185081388034361
100663,3.0,393.0,507.0,6328.933333333333,0.7541038215417822,0.0,6465.568710705844,672.5887892204858,174.8730851973263
100666,1.0,94.0,269.0,4400.0,0.6367660947977024,0.0,4700.896938967113,288.7861155881183,75.08439005291076
100667,13.0,2023.0,2102.0,2943.496923076923,0.9021283434229513,0.0,2958.3627115302957,392.154519114853,101.96017496986178
100668,45.0,2014.0,2185.0,19570.60111111111,0.552025113972323,0.0,19597.73712205859,5229.254388831789,1359.606141096265
100669,2.0,667.0,1934.0,2274.5,0.3311517594260346,0.0,2352.4119040783025,22.806304960113017,5.929639289629384
100670,8.0,1630.0,1955.0,1444.75,0.7132424578020269,0.0,1457.3163761647863,103.38022579359226,26.87885870633399
100672,2.0,21.0,94.0,17379.0,0.6126523600829048,0.0,17938.306174139376,3433.301772168534,892.6584607638189
100674,9.0,513.0,1052.0,16100.734444444446,0.026875409204982208,0.0,16213.184028551,87.96964813970888,22.87210851632431
100675,1.0,28.0,499.0,1549.0,0.3090888150397065,0.0,1662.1864636015139,30.406334444555476,7.905646955584424
100682,2.0,184.0,1347.0,2292.5,0.08648747553829414,0.0,2370.985580589349,8.448209044231932,2.1965343515003024
100684,1.0,220.0,2166.0,450.0,0.20704986967096234,0.0,490.82805868155833,1.5732564133949885,0.409046667482697
100685,8.0,1095.0,1336.0,1492.5,0.6918630082793031,0.0,1505.437953360275,148.32562966384538,38.5646637125998
100686,2.0,52.0,153.0,10535.0,0.5944804427844979,0.0,10876.18161627265,1541.268295416716,400.72975680834617
100688,6.0,214.0,1442.0,19501.0,0.0002613821651896711,0.0,19705.63090379747,0.5285271237308529,0.13741705217002176
100691,15.0,994.0,2137.0,1301.8,0.0002470447281945042,0.0,1307.8866852358522,0.054989107606366085,0.014297167977655182
100693,4.0,1141.0,1598.0,31411.25,0.6401156188344554,0.0,31906.61948660786,1297.457591288456,337.33897373499855
100697,2.0,727.0,1926.0,337.5,0.3760358010394714,0.0,353.67793730626096,3.908121612347089,1.016111619210243
100698,1.0,26.0,1198.0,144.0,0.12318805674403976,0.0,164.680950487285,0.5494641227294257,0.14286067190965068
100699,2.0,247.0,2171.0,965.0,0.04933312876141392,0.0,1001.1769378996819,1.2923913813511143,0.33602175915128973
100702,19.0,1986.0,2024.0,2214.6315789473683,0.9346039017561493,0.0,2222.4101685171545,456.8992228058399,118.79379792951838
100703,3.0,410.0,1708.0,1794.0,0.0714863706916289,0.0,1835.293267446389,6.104134053465627,1.587074853901063
100706,5.0,392.0,1928.0,1005.4,0.0032872763013374303,0.0,1020.1046193587894,0.22028584123097966,0.057274318720054715
100707,2.0,234.0,668.0,3137.0,0.4063534437883165,0.0,3242.4005702326062,102.52099250322458,26.65545805083839
100708,10.0,1778.0,1788.0,4911.9,0.9219208739035678,0.0,4943.488254934658,606.6949289860927,157.7406815363841
100709,2.0,1217.0,1339.0,422.025,0.8155985451011342,0.0,440.89682658938267,14.817111166725635,3.852448903348665
100711,1.0,722.0,913.0,6000.0,0.7732377000565477,0.0,6406.241295538477,172.27846040126732,44.792399704329505
100713,1.0,14.0,36.0,440.0,0.7776772117315662,0.0,480.1696564529873,100.09666152550787,26.025131996632048
100714,5.0,1584.0,1808.0,24329.15,0.8037768464223236,0.0,24635.615136933066,1365.9289677847444,355.1415316240336
100715,2.0,328.0,1533.0,3333.5,0.16542276676222215,0.0,3445.1632054781953,20.801202930034023,5.408312761808846
100716,7.0,686.0,1183.0,11139.151428571427,0.1976521430966307,0.0,11239.841084916165,315.8672609619904,82.12548785011751
100718,2.0,249.0,335.0,7998.0,0.7595994104157489,0.0,8258.325099132397,861.1837016827645,223.90776243751878
100719,4.0,764.0,1205.0,8890.99,0.5318431464771842,0.0,9033.117881795324,398.0759410999036,103.49974468597495
100720,7.0,1161.0,2151.0,849.2857142857143,0.11354967816930993,0.0,858.3616769523031,7.904609718972944,2.0551985269329656
100721,1.0,187.0,1036.0,650.0,0.37744628637294253,0.0,703.9961032529789,8.24612047063026,2.1439913223638674
100722,2.0,36.0,507.0,13483.5,0.1073082119637596,0.0,13918.653015873768,147.90119567770304,38.45431087620279
100723,1.0,354.0,1785.0,2117.5,0.3649774223793035,0.0,2268.1166302957768,15.44459345170171,4.015594297442445
100724,3.0,601.0,1386.0,2851.2666666666664,0.31729587110878155,0.0,2914.787831933213,52.31101605107434,13.600864173279328
100725,15.0,679.0,1928.0,4347.893333333333,5.600660312853779e-06,0.0,4366.576328563164,0.004593599768038164,0.0011943359396899226
100728,2.0,196.0,1613.0,500.0,0.06490166552327023,0.0,521.3569613643182,1.1760373033188902,0.30576969886291144
100729,6.0,951.0,1428.0,1163.3416666666667,0.44093561392326486,0.0,1177.2130275861339,53.33963279005193,13.868304525413501
100732,9.0,1491.0,1900.0,2827.1111111111113,0.5688689072461038,0.0,2847.825223320026,185.8141410768658,48.31167667998511
100733,11.0,1875.0,1891.0,6360.636363636364,0.9240881193541217,0.0,6397.51840507399,817.5311051992068,212.55808735179377
100734,5.0,1918.0,1920.0,6936.0,0.8898368182931841,0.0,7024.891442898143,406.4872033019692,105.686672858512
100736,6.0,794.0,1242.0,19828.166666666668,0.3895510569398499,0.0,20036.200958325546,914.3564102902568,237.7326666754668
100739,13.0,1731.0,1768.0,243625.54,0.9201423425663527,0.0,244789.53300749732,38989.33918319667,10137.228187631135
100740,12.0,1971.0,2183.0,2774.16,0.8078541376682907,0.0,2789.394798596231,296.42672488396,77.0709484698296
100743,7.0,1097.0,2155.0,711.1285714285714,0.0787328962162813,0.0,718.9744805146173,4.58509519060813,1.1921247495581138
100744,7.0,1425.0,1988.0,4972.857142857143,0.4836655759243244,0.0,5018.646471879197,210.6255397273971,54.76264032912325
100745,5.0,1002.0,1996.0,965.24,0.19257141206659978,0.0,979.4422514983132,11.98334440448464,3.1156695451660066
100746,3.0,2142.0,2178.0,10422.266666666668,0.8578255329117542,0.0,10644.959987551232,333.8489166673552,86.80071833351235
100747,1.0,21.0,1781.0,2509.0,0.07126432096530604,0.0,2685.3930775443323,3.562425507715897,0.9262306320061333
100749,3.0,1213.0,1893.0,581.0,0.5996924065686705,0.0,596.7912433062947,15.02554839983774,3.9066425839578125
100750,3.0,1214.0,1969.0,6391.666666666667,0.5688446141611366,0.0,6529.620945095282,150.27550024852442,39.07163006461635
100751,6.0,504.0,1820.0,63633.333333333336,0.004765977406432475,0.0,64297.055773235144,25.217362332206886,6.556514206373791
100752,2.0,457.0,2012.0,3495.0,0.1691224791652973,0.0,3611.8103586189723,17.222020093871325,4.477725224406544
100753,6.0,1795.0,1907.0,1420.0,0.8610784354892222,0.0,1436.541277953176,95.84538027817607,24.919798872325778
100754,2.0,1073.0,1768.0,1542.0,0.636053048462117,0.0,1596.566457170445,32.294310021480996,8.39652060558506
100755,7.0,1807.0,2060.0,4983.142857142857,0.7951744169228246,0.0,5029.023762897202,332.9894881639344,86.57726692262295
100756,9.0,1582.0,2142.0,2915.8877777777775,0.4308374216011264,0.0,2937.2154353017618,129.9196221694174,33.77910176404853
100758,3.0,416.0,2162.0,1037.8666666666666,0.03559692993253644,0.0,1063.2630416812365,1.4054623068465406,0.3654201997801006
100759,4.0,1197.0,1766.0,850.05,0.5870320384151405,0.0,866.0516936517919,29.414738012942784,7.647831883365124
100760,1.0,101.0,2078.0,140.0,0.12034787777969155,0.0,160.41758959585658,0.31040907446425103,0.08070635936070528
100762,15.0,1532.0,2177.0,905.6046666666666,0.08704124528931871,0.0,910.0529913236679,13.223542573657355,3.4381210691509123
100763,1.0,362.0,1267.0,20150.0,0.48502122532366765,0.0,21487.880448966476,268.57556744905395,69.82964753675402
100764,1.0,63.0,2016.0,2960.0,0.09361762173911889,0.0,3166.0870180528855,4.902685672296256,1.2746982747970266
100765,3.0,698.0,2029.0,2109.0,0.17366706020749278,0.0,2156.9158046303382,14.792322135496246,3.846003755229024
100766,5.0,1868.0,1917.0,941.6,0.876511319733613,0.0,955.5065349589293,54.559067595584,14.18535757485184
100767,10.0,2053.0,2081.0,1712.0,0.915974266531321,0.0,1723.6986258716613,181.98426013100047,47.315907634060125
100768,1.0,7.0,1213.0,500.0,0.09612982805163096,0.0,544.1200698244135,1.4001699836824106,0.3640441957574268
100769,1.0,69.0,1919.0,1650.0,0.1047109285771788,0.0,1769.8363261100812,3.214552447003732,0.8357836362209704
100770,9.0,1336.0,2155.0,1135.7433333333333,0.1373074004579116,0.0,1144.7682166594857,16.153937896881086,4.200023853189083
100771,3.0,782.0,1995.0,4597.333333333333,0.23966863841297853,0.0,4697.563677728937,45.16431601836134,11.74272216477395
100773,2.0,1183.0,2150.0,797.5,0.5797879590294913,0.0,828.3385592552229,12.683223714162656,3.2976381656822906
100774,6.0,466.0,1330.0,18072.626666666667,0.020711104687360097,0.0,18262.398757022813,41.856579604045464,10.882710697051822
100776,16.0,1463.0,1526.0,8776.78125,0.9020587661850129,0.0,8811.45743003405,1933.264482553588,502.64876546393293
100779,10.0,1497.0,1940.0,2543.05,0.4877665994068024,0.0,2559.9141861181706,155.59407889807227,40.454460513498795
100780,2.0,768.0,1553.0,352.0,0.5285617315945574,0.0,368.64006560682606,7.012737771090859,1.8233118204836234
100781,1.0,33.0,140.0,1162.0,0.6504109924742106,0.0,1249.7062973558154,121.52867955486852,31.597456684265815
100782,2.0,138.0,2072.0,2625.0,0.02168991103634401,0.0,2714.082660585066,1.6091715804628788,0.4183846109203485
100784,1.0,98.0,2017.0,330.0,0.12229435868170094,0.0,362.92723193870603,0.7343450342741988,0.1909297089112917
100785,1.0,44.0,2158.0,990.0,0.07188756033362131,0.0,1066.3817790243936,1.186987626968992,0.30861678301193796
100786,5.0,820.0,2046.0,333.4,0.07198223167197568,0.0,339.6984639245255,1.5193509547104673,0.3950312482247215
100788,1.0,238.0,2038.0,899.0,0.23571160126870758,0.0,969.3903187443974,3.7517555392729647,0.9754564402109709
100789,2.0,548.0,1137.0,2249.5,0.525789545114849,0.0,2326.615131146294,58.888154249702154,15.31092010492256
100790,1.0,2.0,2082.0,1588.0,0.044870167812531926,0.0,1703.754232292941,1.2246415830872703,0.3184068116026903
100793,14.0,1132.0,2170.0,3400.35,0.002197945112676919,0.0,3416.1739755157337,1.1774682932859801,0.30614175625435486
100794,2.0,143.0,1235.0,5638.05,0.0719567378579157,0.0,5823.1613278966315,18.719183758668485,4.866987777253806
100795,1.0,97.0,1766.0,489.0,0.142451275770487,0.0,532.3958273729853,1.4253120604267757,0.3705811357109617
100796,11.0,1050.0,1164.0,15917.59090909091,0.8175864421600383,0.0,16008.445356418419,2858.232887167715,743.140550663606
100797,1.0,17.0,766.0,1200.0,0.18406663373650164,0.0,1290.2082258243852,9.683162311228553,2.517622200919424
100798,21.0,1704.0,2117.0,4132.275714285714,0.20568892275933637,0.0,4144.968835869291,202.47000225793604,52.64220058706337
100800,1.0,21.0,528.0,878.85,0.27619637618661436,0.0,947.9136382538268,14.772915503877522,3.8409580310081557
100803,3.0,302.0,1884.0,195.91333333333333,0.02349870567597772,0.0,203.60854245219053,0.20260157564652626,0.05267640966809683
100805,13.0,542.0,1487.0,6870.153846153846,6.803744597425815e-05,0.0,6903.767308062495,0.09816364933172832,0.025522548826249363
100806,1.0,108.0,1938.0,599.0,0.13703264707173266,0.0,649.6382518872666,1.5308623411515314,0.3980242086993982
100808,26.0,2024.0,2173.0,38684.846153846156,0.8135151995957809,0.0,38777.380999205576,8848.446218946898,2300.5960169261934
100809,1.0,16.0,2150.0,877.4,0.05238527637155501,0.0,946.368169930684,0.770004088621429,0.20020106304157154
100810,7.0,399.0,1694.0,1030.0,0.0006349397129075322,0.0,1040.6849149769876,0.06730374889710752,0.017498974713247958
100812,10.0,2093.0,2143.0,17452.142,0.9078659208219688,0.0,17561.676678804222,1787.3233733788343,464.70407707849694
100813,1.0,795.0,1911.0,425.0,0.5870064957758155,0.0,464.18205311013077,4.766336791267101,1.2392475657294462
100814,4.0,479.0,1690.0,10997.25,0.04325248673084701,0.0,11172.415629252611,29.35755359657158,7.632963935108611
100816,3.0,1509.0,2072.0,1425.0,0.6925882035253937,0.0,1458.5354381737636,38.85185534556743,10.101482389847533
100817,5.0,1358.0,2170.0,787.4,0.417825071442036,0.0,799.3776225066026,19.516654988583234,5.074330297031641
100818,3.0,650.0,1743.0,491.0,0.2180948601775197,0.0,504.8990898251666,5.023780702826175,1.3061829827348057
100820,9.0,1583.0,2039.0,1965.5755555555556,0.543330431453618,0.0,1980.3355007099472,115.46558752326003,30.02105275604761
100821,19.0,2063.0,2185.0,3435.1052631578946,0.8743720912879297,0.0,3446.8648170910487,617.3972164870113,160.52327628662295
100823,2.0,574.0,976.0,39633.0,0.6331140224257803,0.0,40901.56156729633,1432.0119035496791,372.3230949229166
100824,1.0,118.0,2123.0,42.0,0.13069688060347187,0.0,55.965247755860545,0.11524281179299348,0.029963131066178306
100826,2.0,533.0,680.0,5785.95,0.7660568144861377,0.0,5975.775036562395,349.05166017854316,90.75343164642122
100830,2.0,971.0,1548.0,2851.0,0.6552033038981653,0.0,2947.2854878904254,69.61257347364912,18.09926910314877
100831,3.0,1032.0,1434.0,13125.666666666666,0.6891612835080465,0.0,13405.196073338808,503.4054561603597,130.88541860169352
100832,4.0,2109.0,2137.0,28863.75,0.8726418991381091,0.0,29319.160667826018,1227.5984100474484,319.1755866123366
100833,4.0,1376.0,1525.0,3116.9,0.8249261002066117,0.0,3168.4583760288733,172.8715210056203,44.94659546146128
100835,10.0,691.0,904.0,7888.325,0.5004718814556058,0.0,7938.413829697566,1005.5096588722752,261.4325113067915
100836,10.0,1301.0,1576.0,2645.25,0.6544211335051976,0.0,2662.7494309977724,263.1540565106749,68.42005469277547
100838,1.0,72.0,1955.0,212.9,0.10485473693204889,0.0,238.11734184213935,0.425450916630262,0.11061723832386813
100840,2.0,85.0,1926.0,4704.0,0.013534173943095973,0.0,4859.342297610918,1.9276982579295527,0.5012015470616837
100841,2.0,1231.0,1282.0,24910.5,0.8337662950574938,0.0,25709.841987636348,919.5312687123745,239.0781298652174
100842,4.0,539.0,1281.0,13193.305,0.18419940497572787,0.0,13402.916856447884,194.38550071884328,50.54023018689925
100843,2.0,19.0,57.0,50899.0,0.7244636682445816,0.0,52526.61932137678,14729.193084808212,3829.5902020501353
100844,1.0,70.0,1722.0,3850.0,0.12052749070860191,0.0,4114.684816395707,9.542549512047328,2.4810628731323052
100845,1.0,182.0,471.0,995.0,0.6183008592193656,0.0,1071.7109801386791,41.10074261914398,10.686193080977436
100846,20.0,1509.0,2072.0,3129.35,0.042408144100638416,0.0,3139.5724566094395,30.911330339749604,8.036945888334897
100847,19.0,1608.0,2162.0,3176.75,0.07714695483134812,0.0,3187.666845803494,52.08146322924576,13.541180439603899
100848,6.0,1408.0,1417.0,5194.333333333333,0.8964074983260735,0.0,5250.137536151191,482.0858496008782,125.34232089622833
100849,6.0,1691.0,1701.0,1892.3333333333333,0.8966418754388699,0.0,1913.7881116427095,148.04783376035687,38.49243677769279
100851,2.0,288.0,1864.0,320.0,0.08951476535972384,0.0,335.6201962538548,0.9104462111295624,0.2367160148936862
100852,1.0,34.0,2158.0,1980.0,0.06469038635726827,0.0,2121.563599652925,2.124656355127471,0.5524106523331425
100853,1.0,2.0,2151.0,99.0,0.04297007276965685,0.0,116.71814045871538,0.07785478464396725,0.020242244007431485
100858,1.0,47.0,1938.0,1197.0,0.08496662786508902,0.0,1287.0107051558139,1.8780877889440273,0.4883028251254471
100859,1.0,29.0,535.0,2860.0,0.2935869516158366,0.0,3059.5029957671754,50.11415971735503,13.029681526512308
100860,4.0,1624.0,1781.0,7086.125,0.8307372907298141,0.0,7199.942666501631,341.6602930671239,88.83167619745223
100861,13.0,2084.0,2122.0,9751.797692307691,0.9228560257288918,0.0,9799.169452662176,1316.0892072137424,342.183193875573
100862,2.0,79.0,1990.0,925.0,0.011528394741166091,0.0,959.9021012084678,0.3143219458269556,0.08172370591500847
100863,2.0,84.0,156.0,8688.5,0.7012589759139962,0.0,8970.831967514481,1478.6339391143993,384.4448241697438
100864,4.0,1714.0,2135.0,1067.75,0.740320931787993,0.0,1087.1664276454353,38.757503046048356,10.076950791972573
100865,6.0,510.0,1667.0,12713.833333333334,0.008680386049800488,0.0,12847.859976366677,9.977713559911056,2.5942055255768746
100866,2.0,393.0,1235.0,1131.5,0.3170786413222256,0.0,1172.9834456268604,16.613921564052674,4.319619606653696
100867,5.0,978.0,2170.0,404.0,0.12013692144779971,0.0,411.1816106115181,2.900213882088289,0.7540556093429551
100868,3.0,628.0,2143.0,423.32666666666665,0.11287920201520821,0.0,435.802997233542,1.8438366032596396,0.4793975168475063
100869,1.0,40.0,154.0,1500.0,0.649255002808665,0.0,1609.960292681516,147.4822654009626,38.34538900425028
100870,3.0,1582.0,1739.0,14001.333333333334,0.8239008712501992,0.0,14299.272692579267,534.0411426447444,138.85069708763353
100871,1.0,730.0,1891.0,2586.0,0.5635683252070821,0.0,2767.462774704329,27.558265204533306,7.16514895317866
100872,1.0,63.0,1991.0,165.0,0.09509436700351047,0.0,187.06359516728415,0.2977911162254914,0.07742569021862777
100874,5.0,175.0,2018.0,1496.8,9.890548686098965e-05,0.0,1517.6516205200949,0.009436943391380816,0.002453605281759012
100876,3.0,122.0,1952.0,19077.826666666668,0.002545007225982357,0.0,19482.493854052496,2.0272301856200152,0.527079848261204
100877,2.0,722.0,1884.0,694.5,0.3846366741505675,0.0,722.0558547753467,8.333942442456216,2.1668250350386162
100879,2.0,397.0,2185.0,104.5,0.11201450454112898,0.0,113.25201357993895,0.33033759043350625,0.08588777351271162
100880,3.0,306.0,1938.0,2506.0,0.02220457663590504,0.0,2562.26230387487,2.3448992711565433,0.6096738105007012
100881,2.0,126.0,2185.0,1836.0,0.016845977430733905,0.0,1899.9365068508682,0.8311180020048992,0.21609068052127378
100884,2.0,89.0,2143.0,1718.0,0.011167892145792961,0.0,1778.1757386117868,0.5252484528695065,0.1365645977460717
100885,3.0,202.0,699.0,9430.0,0.17051106808970548,0.0,9631.831978356333,173.55784219241644,45.12503897002828
100886,2.0,1521.0,1760.0,905.0,0.7968421364094473,0.0,939.2646828628607,23.852023537646733,6.201526119788151
100887,2.0,56.0,1094.0,600.0,0.03129633653492092,0.0,624.5440530923534,0.9772301667156494,0.25407984334606887
100888,4.0,607.0,896.0,31798.5,0.6073744877517984,0.0,32299.943697627787,2128.018165043679,553.2847229113565
100889,7.0,1450.0,2149.0,3012.0,0.3776890128698857,0.0,3040.331242529931,92.72183305270576,24.1076765937035
100895,11.0,1127.0,2159.0,682.4545454545455,0.011633580339199878,0.0,687.2693491178526,0.9970207124833912,0.2592253852456817
100897,16.0,1769.0,2009.0,3289.6875,0.7061266737002171,0.0,3303.096908727564,439.9788044372175,114.39448915367655
100899,2.0,437.0,920.0,1043.05,0.5278019425275153,0.0,1081.7144629934132,33.35514905598579,8.672338754556305
100900,5.0,778.0,2005.0,1178.4,0.06246115128428607,0.0,1195.2687040167175,4.729663213163706,1.2297124354225635
100901,12.0,595.0,2150.0,2917.5833333333335,5.525580169301876e-06,0.0,2933.5602605290173,0.0022066367678959917,0.0005737255596529578
100904,8.0,777.0,2107.0,955.5,0.004125136408790686,0.0,964.2591689837844,0.373769625790482,0.09718010270552532
100905,3.0,334.0,2072.0,599.0,0.022543601724689888,0.0,615.1696740025204,0.536153995888361,0.13940003893097386
100906,17.0,1037.0,2165.0,2110.3529411764707,0.00010235903965392352,0.0,2118.669696138123,0.04119932567820301,0.010711824676332783
100907,6.0,592.0,2107.0,798.6666666666666,0.004715410926184093,0.0,808.7444550898798,0.27285563887523134,0.07094246610756015
100908,4.0,144.0,2177.0,10086.795,0.00029255498247419785,0.0,10247.679684658297,0.14274572324325618,0.03711388804324661
100909,1.0,12.0,825.0,87.0,0.16035663663359406,0.0,103.92805778443015,0.6357187832864024,0.16528688365446464
100910,4.0,1172.0,2033.0,781.325,0.4173734174072257,0.0,796.2487074611022,16.86789316970607,4.385652224123578
100918,2.0,937.0,1582.0,794.5,0.6252584335443133,0.0,825.2429465033819,18.2305052588426,4.739931367299077
100920,2.0,478.0,1220.0,2362.0,0.4153503050420873,0.0,2442.7006093403334,45.806240951384794,11.909622647360047
100922,7.0,438.0,535.0,6450.428571428572,0.7370566597619301,0.0,6509.3731524241075,1361.4067893389135,353.9657652281175
100925,1.0,196.0,2109.0,229.45,0.19422611745204682,0.0,255.75699753042437,0.7887456665712353,0.2050738733085212
100931,10.0,2123.0,2159.0,5094.727000000001,0.9134010515747328,0.0,5127.451653326078,521.228865770503,135.5195051003308
100932,2.0,155.0,654.0,40375.0,0.2650287917309383,0.0,41667.20978791836,876.5819122980635,227.9112971974965
100933,3.0,140.0,1297.0,8905.666666666666,0.012682525806948461,0.0,9096.475099001464,6.952521555264991,1.8076556043688978
100934,1.0,5.0,348.0,2499.0,0.33356757887807204,0.0,2674.7346753157613,70.88072152712252,18.428987597051854
100935,5.0,1121.0,2143.0,1106.328,0.22434063480906985,0.0,1122.2951438463926,14.93934169743387,3.8842288413328063
100937,1.0,373.0,2166.0,297.0,0.31848011758288736,0.0,327.7545045844216,1.6184211438683076,0.42078949740576
100938,9.0,629.0,2162.0,4990.777777777777,0.0002378761427025547,0.0,5026.445228476975,0.1226140224264071,0.031879645830865846
100940,1.0,651.0,745.0,3000.0,0.7956991069998045,0.0,3208.7206269671697,106.53485669313982,27.699062740216352
100942,2.0,74.0,1280.0,24865.0,0.029223148137164187,0.0,25662.891860900094,32.39263409916458,8.422084865782791
100945,19.0,2072.0,2170.0,3741.086842105263,0.8956739997298651,0.0,3753.8444525941586,692.8767769264789,180.14796200088452
100949,4.0,1068.0,1889.0,1237.5,0.40038636223715607,0.0,1259.5790417723117,27.460625294570082,7.139762576588222
100950,1.0,41.0,2029.0,2200.0,0.07546836983658642,0.0,2356.0484486814876,2.9215575350490033,0.7596049591127408
100954,9.0,824.0,2163.0,2016.4444444444443,0.0022885053725879836,0.0,2031.5559500891363,0.47681197514813095,0.12397111353851405
100957,4.0,1412.0,1995.0,1180.5,0.6275124255418139,0.0,1201.6849681037877,38.82537451984519,10.09459737515975
100964,3.0,560.0,2075.0,952.8133333333334,0.09124546422665927,0.0,976.4215532284786,3.4438649540605852,0.8954048880557522
100965,5.0,1788.0,2043.0,2131.02,0.8022872088315671,0.0,2159.805179894379,106.41730957639615,27.668500489863
100966,1.0,254.0,1319.0,228.0,0.37508372792017836,0.0,254.2115292072816,2.36608520773534,0.6151821540111885
100967,5.0,1911.0,2018.0,4903.2,0.8594371807028903,0.0,4966.662822709494,264.9054934673562,68.87542830151261
100969,5.0,1900.0,2141.0,13263.2,0.8132930187832043,0.0,13431.239399242897,641.3489056070298,166.75071545782774
100970,8.0,713.0,1219.0,7228.125,0.1470040852112304,0.0,7285.695989001632,168.26185684290036,43.748082779154096
100971,1.0,1904.0,2166.0,1099.0,0.7947786300039059,0.0,1182.5583633158178,14.568804192400776,3.787889090024202
100972,4.0,457.0,1976.0,342.5,0.019169072496779467,0.0,350.5405166261892,0.3516273293835908,0.09142310563973362
100973,5.0,566.0,1883.0,2191.0,0.01966027907309637,0.0,2220.5354793035262,2.9357025938146046,0.7632826743917972
100976,2.0,709.0,2159.0,2354.0,0.3039213418721266,0.0,2434.4456420020906,19.50021053567574,5.070054739275693
100977,4.0,875.0,969.0,14534.887499999999,0.8273596603544227,0.0,14765.542752718104,1228.933353360734,319.52267187379084
100978,19.0,1660.0,2089.0,1515.192105263158,0.22207571957491792,0.0,1520.6892498045984,73.60042269369265,19.13610990036009
100980,1.0,39.0,2016.0,660.0,0.0745283177020444,0.0,714.6545054815499,0.8805481663631107,0.2289425232544088
100981,1.0,27.0,1448.0,290.0,0.09913947066127994,0.0,320.29362302442195,0.7198026276093705,0.18714868317843633
100982,2.0,131.0,1899.0,635.0,0.0245659126370972,0.0,660.6595351971657,0.4823799947130002,0.12541879862538005
100984,1.0,233.0,2137.0,4950.0,0.22021059724596678,0.0,5287.109061538519,18.262816485537382,4.7483322862397195
100985,79.0,2059.0,2173.0,13749.620253164558,0.5443178315885709,1.0,13760.513129689425,6364.636110855596,1654.805388822455
100986,1.0,3.0,318.0,1005.0,0.3497014268710643,0.0,1082.3693823672502,32.25966426311601,8.387512708410162
100987,2.0,157.0,1788.0,4291.0,0.03670399854801594,0.0,4433.179608774133,5.124720686562887,1.3324273785063507
100988,5.0,457.0,2179.0,2369.4,0.0034612342524606146,0.0,2401.1671134247654,0.48555620925314225,0.126244614405817
100989,7.0,1150.0,1745.0,4818.571428571428,0.347151259545709,0.0,4862.98710660911,166.29861841896823,43.23764078893174
100994,2.0,257.0,1821.0,2274.5,0.07762062764305555,0.0,2352.4119040783025,5.656893728833425,1.4707923694966905
100995,1.0,49.0,2173.0,3425.0,0.07486698577417064,0.0,3661.702721681438,4.216906883414027,1.096395789687647
100996,6.0,1295.0,1779.0,351.06333333333333,0.5654124168654787,0.0,356.4848779927433,16.79488314213999,4.366669616956398
100997,1.0,2154.0,2177.0,6096.0,0.8202243964040713,0.0,6508.561956932759,82.32868020506108,21.40545685331588
100998,3.0,1070.0,1955.0,2564.6666666666665,0.47427242866129393,0.0,2622.162374292198,50.72710171210017,13.189046445146046
100999,4.0,371.0,532.0,21925.65,0.656104864369279,0.0,22272.2330797631,2498.835048273124,649.6971125510122
101000,1.0,330.0,1843.0,515.48,0.33659438565653943,0.0,560.6192764742415,3.414449464650373,0.887756860809097
101004,11.0,1169.0,2122.0,765.5454545454545,0.020563807844199214,0.0,770.8295098150013,2.009516644638263,0.5224743276059484
101005,3.0,883.0,1352.0,9386.333333333334,0.6213674240549665,0.0,9587.247266852526,343.3716855512085,89.27663824331421
101006,11.0,1008.0,1990.0,1196.6818181818182,0.008779443010337739,0.0,1204.4006937386641,1.425387045390028,0.3706006318014073
101007,4.0,924.0,1584.0,4309.75,0.43776348092579803,0.0,4380.018828230607,123.2701321353539,32.05023435519202
101008,11.0,1153.0,2135.0,1007.6363636363636,0.016673992622802065,0.0,1014.2876147783569,2.1316016992860773,0.5542164418143801
101009,4.0,1068.0,1897.0,19504.5,0.39608513165253634,0.0,19813.10612427982,425.6288814088305,110.66350916629594
101011,9.0,1796.0,2141.0,205.44444444444446,0.7035487042402155,0.0,208.03992975055812,14.931892654217293,3.8822920900964966
101012,13.0,715.0,990.0,3849.6153846153848,0.22415004906556396,0.0,3868.8074010437263,262.24350817229526,68.18331212479677
101014,7.0,1711.0,1920.0,12006.142857142857,0.8132283591025172,0.0,12114.551592566388,876.8381281939721,227.97791333043276
101015,2.0,28.0,1907.0,2812.0,0.005283342955075013,0.0,2907.042522116492,0.4546285919941996,0.11820343391849189
101017,9.0,1667.0,2116.0,1778.2777777777778,0.5746990958320226,0.0,1791.7432873738935,106.5782219097674,27.710337696539522
