Customer,frequency,recency,T,monetary_value,probability_alive,pred_num_txn,exp_avg_sales,predicted_ltv,manual_predicted_ltv,CLV
Aberdeen School District 5,5.0,411.0,2185.0,4713.95,0.002115051430890663,0.0,4775.04546420364,0.48176578861915553,0.0,0.12525910504098045
Academy Of Arts Careers & Tech,8.0,1343.0,2072.0,1985.4125,0.2493505865173502,0.0,2002.1861610958,38.82813971901781,0.0,10.095316326944632
Aces Alternative High School,1.0,392.0,1347.0,2595.0,0.4875849288757354,0.0,2777.0553367100433,27.172836034298225,0.0,7.064937368917539
Adelaide Elementary School,1.0,34.0,1952.0,1102.0,0.07363286511405413,0.0,1185.7558839843891,1.2341402722115622,0.0,0.3208764707750062
Adolfo Camarillo High School,1.0,48.0,1563.0,350.0,0.11202862881700726,0.0,384.24403639584807,0.7512680409219671,0.0,0.19532969063971145
Agnes Risley Elementary School,8.0,1500.0,2109.0,15402.0,0.40934367684940914,0.0,15523.177806777026,485.919820712895,0.0,126.3391533853527
Aki Kurose Middle School,1.0,51.0,471.0,500.0,0.38370604038790584,0.0,544.1200698244135,10.681072708722061,0.0,2.7770789042677357
Alaska Airlines,8.0,1758.0,2138.0,2501.1575000000003,0.6885940668401356,0.0,2521.94454498454,131.0781741121882,0.0,34.08032526916894
Alaska Works Partnership,1.0,115.0,1648.0,1599.0,0.17274756882966866,0.0,1715.4784747443691,4.919669566714481,0.0,1.2791140873457651
Albert Einstein Elem School,1.0,602.0,1660.0,600.0,0.547169232886897,0.0,650.7040921101237,5.870339704757229,0.0,1.5262883232368796
Alcott Elementary,4.0,589.0,2072.0,4020.0,0.040151503157564834,0.0,4085.7239537489436,6.72343708031539,0.0,1.7480936408820014
Alexander Graham Bell Elem Sch,2.0,1093.0,1220.0,2975.0,0.8108602305278833,0.0,3075.237481633189,92.72094934097937,0.0,24.107446828654638
Alice Maxwell Elementary School,10.0,2044.0,2138.0,1010.4,0.8883502356543367,0.0,1017.7376884203039,84.373718457783,0.0,21.93716679902358
Alice Smith Elementary School,9.0,1889.0,1996.0,1557.5555555555557,0.8759229159972611,0.0,1569.4956295787783,123.89151401779611,0.0,32.211793644626994
Allen Creek Elementary School,1.0,1547.0,2157.0,489.99,0.7454028734646533,0.0,533.4510091936139,5.1088343789736985,0.0,1.3282969385331616
Alturas Elementary School,2.0,908.0,2150.0,472.5,0.4318985229069514,0.0,492.98051113910844,4.638561274838935,0.0,1.2060259314581232
Alyce Taylor Elementary School,8.0,1256.0,2145.0,814.375,0.12873594023032442,0.0,822.0359735552328,7.962802686305204,0.0,2.070328698439353
Amelia Earhart Middle School,2.0,235.0,1715.0,2855.5,0.0761227106377435,0.0,2951.928907018187,6.07144987951088,0.0,1.578576968672829
Amplify Life,1.0,83.0,177.0,503.0,0.7112521647257646,0.0,547.3175904929848,41.49157105512039,0.0,10.787808474331301
Anacortes School District 103,31.0,1198.0,1242.0,31055.88806451613,0.9145639477234396,1.0,31118.23571161911,13301.24827068897,31118.23571161911,3458.3245503791322
Anchor Lutheran School,1.0,28.0,2012.0,1160.0,0.06620312535441293,0.0,1247.5746169101012,1.1342074420947148,0.0,0.29489393494462585
Anchorage School District,2.0,355.0,2156.0,1435.5,0.09447981141246453,0.0,1486.6722044800874,3.0518791583170697,0.0,0.7934885811624381
Anderson Elementary School,4.0,627.0,882.0,4193.675,0.6515708137474091,0.0,4262.1231334749245,252.0618778718571,0.0,65.53608824668285
Antelope Valley High School,5.0,455.0,1291.0,15085.560000000001,0.04849650179369098,0.0,15276.395591827995,58.078674592286525,0.0,15.100455393994498
Antelope Valley High School District,57.0,2004.0,2004.0,83579.2398245614,0.9816531463564802,1.0,83670.10065087175,44753.07791902078,83670.10065087175,11635.800258945404
Arlington School District 16,8.0,1088.0,1952.0,960.98375,0.09312380172743645,0.0,969.7855919983554,7.434477320850824,0.0,1.9329641034212144
Asa Mercer Middle School,2.0,329.0,2159.0,1538.5,0.08233220504345355,0.0,1592.9549089599636,2.8458244973263205,0.0,0.7399143693048433
Ashland Public Schools - District 5,1.0,203.0,297.0,76819.31,0.7556090325053527,0.0,81888.3104485247,4572.787761593083,0.0,1188.9248180142015
Aspen Elementary School,5.0,410.0,2178.0,2693.1,0.0021275085290634937,0.0,2728.916328475467,0.2778001174318936,0.0,0.07222803053229233
Assumption-St. Bridget School,2.0,148.0,1375.0,5467.775,0.06004513127669188,0.0,5647.459507456719,11.2802875934207,0.0,2.9328747742893824
Auburn Adventist Academy,1.0,6.0,392.0,650.0,0.3067055532667529,0.0,703.9961032529789,12.84034153466468,0.0,3.3384887990128167
"BES Electrical Services, LLC",2.0,112.0,526.0,9400.0,0.2627006885336395,0.0,9705.008125159451,200.613046383462,0.0,52.159392059700124
Bailey Charter Elementary School,1.0,398.0,2109.0,225.0,0.343557007832593,0.0,251.0140085387103,1.1321191250105203,0.0,0.2943509725027353
Baker School District 5J,14.0,2055.0,2184.0,2417.4121428571425,0.8729141861052755,0.0,2428.8798190021103,267.9978875992352,0.0,69.67945077580114
Bakersfield City School District,1.0,169.0,416.0,1175.0,0.6366292252287096,0.0,1263.5622202529576,45.58797773440801,0.0,11.852874210946082
Baldy Mesa Elementary School,1.0,22.0,1197.0,500.0,0.11787150834732799,0.0,544.1200698244135,1.4365684598246447,0.0,0.3735077995544076
Bassetti Architects,1.0,49.0,1512.0,800.0,0.11771045217242192,0.0,863.8721366815442,1.831034729781437,0.0,0.47606902974317367
Bates Technical College,4.0,628.0,1645.0,3455.575,0.12493958078446364,0.0,3512.4456637426865,22.392629787025683,0.0,5.822083744626678
Beacon Avenue Elem School,2.0,797.0,1773.0,295.0,0.47207288752892046,0.0,309.823423321846,3.829157689525886,0.0,0.9955809992767304
Beacon Hill International ES,1.0,1076.0,1891.0,170.0,0.6825315608179077,0.0,192.39279628156964,1.9131601305701311,0.0,0.49742163394823413
Beatty Elementary School,7.0,387.0,2124.0,514.7857142857143,0.00010559917272456928,0.0,520.8835253042407,0.003683990552819023,0.0,0.000957837543732946
Beaverton School District,2.0,224.0,1365.0,620.0,0.11374218898829967,0.0,645.1814714379605,2.457851202382424,0.0,0.6390413126194302
Bellevue School District 405,6.0,1582.0,1646.0,118887.86666666665,0.8759105883171585,0.0,120126.38057279642,7773.681616197743,0.0,2021.1572202114132
Belt School District 26,2.0,1869.0,2046.0,1467.1100000000001,0.8166144053275944,0.0,1519.2896441753194,28.341416966923465,0.0,7.368768411400101
Benjamin Franklin Elementary School,4.0,1467.0,1888.0,712.5,0.71422024620186,0.0,726.3441527201169,23.231664532027846,0.0,6.0402327783272405
Benjamin Rush Elem School,7.0,1486.0,1907.0,1440.2857142857142,0.6283260986179176,0.0,1454.623523361884,67.83431809917722,0.0,17.63692270578608
Bertschi School,12.0,829.0,920.0,2998.6633333333334,0.8143885489833651,0.0,3015.0598002611177,598.4751788779182,0.0,155.60354650825875
Big Lake Elementary School,2.0,190.0,2095.0,403.5,0.034558707508525126,0.0,421.78141784676416,0.3255255508600524,0.0,0.08463664322361363
Billinghurst Middle School,9.0,1564.0,2033.0,2775.017777777778,0.52309871521747,0.0,2795.3718672260607,129.4913213113273,0.0,33.667743540945104
Biola Pershing Elementary,2.0,133.0,1897.0,839.5,0.025162823088988675,0.0,871.6771377809977,0.5385104163105044,0.0,0.14001270824073117
Bishop Blanchet High School,5.0,1480.0,1529.0,2561.92,0.8729162821612344,0.0,2596.0953768834033,151.67496844662392,0.0,39.43549179612222
Blaine County School District #61,1.0,35.0,2178.0,594.96,0.06462453865339855,0.0,645.332257386924,0.5308661183452129,0.0,0.13802519076975536
Bohach Elementary School,2.0,71.0,218.0,18600.5,0.5274093590675771,0.0,19198.736499597326,1578.9693608505934,0.0,410.5320338211543
Brea Olinda High School,2.0,456.0,1543.0,2012.0,0.27322483785595003,0.0,2081.54578829221,16.979424369940176,0.0,4.414650336184446
Brekke School,3.0,1155.0,2054.0,3049.6666666666665,0.49448254540689496,0.0,3117.3589791627223,49.39773123720835,0.0,12.843410121674172
Bremerton School District 100-C,5.0,1259.0,2144.0,24422.0,0.3419335022131555,0.0,24729.626612427215,410.7385027112742,0.0,106.79201070493129
Bret Harte Union High School,3.0,512.0,1919.0,953.0,0.09066568216209359,0.0,976.6121443616246,3.027511580231712,0.0,0.7871530108602451
Bret Harte Union High School District,15.0,1807.0,1816.0,9892.866666666667,0.939977675070478,0.0,9934.479426474189,1504.0994312881014,0.0,391.0658521349064
Brookings Harbor High School,1.0,44.0,976.0,339.0,0.1857214903050481,0.0,372.5197939444199,1.8695923978014146,0.0,0.4860940234283678
Bud Beasley Elementary School,9.0,1329.0,2178.0,2153.1111111111113,0.12124472819981169,0.0,2169.167135132173,21.8079894432378,0.0,5.670077255241829
Bush School,3.0,421.0,555.0,4153.5,0.7404425586349809,0.0,4244.3992245433,332.3062283970585,0.0,86.3996193832352
Calaveras County Office of Education,6.0,1173.0,2155.0,866.8333333333334,0.18033143214830574,0.0,877.6202331346997,9.052146823571386,0.0,2.3535581741285605
Calexico High School,2.0,21.0,581.0,4349.5,0.06191102421244425,0.0,4493.544057435033,20.1116200979881,0.0,5.229021225476907
Calexico Unified School District,2.0,792.0,1352.0,1213.5,0.622794797317605,0.0,1257.5968608438493,26.46797650024685,0.0,6.881673890064181
Camerado Springs Middle School,2.0,273.0,1990.0,395.5,0.07096847951974279,0.0,413.52645050852135,0.688396998058956,0.0,0.17898321949532858
Campus Security Solutions,2.0,321.0,1884.0,470.0,0.10535153256840145,0.0,490.4008338459076,1.2767725488488604,0.0,0.3319608627007037
Cantua Elementary School,3.0,553.0,2102.0,4766.39,0.08481584023220635,0.0,4870.174579510507,12.948079716332648,0.0,3.3665007262464886
Cardinal Newman High School,1.0,49.0,1808.0,2085.0,0.09451756541808194,0.0,2233.4768230529207,3.209811624498529,0.0,0.8345510223696175
Carl Sandburg Elem School,1.0,1779.0,1906.0,1550.0,0.8080644778930136,0.0,1663.252303824371,19.434580255208385,0.0,5.05299086635418
Casa Roble Fundamental High School,1.0,792.0,2075.0,297.0,0.5579111567985999,0.0,327.7545045844216,2.4381625106275666,0.0,0.6339222527631674
Cascade Electri/Comm LLC,20.0,2067.0,2144.0,5258.736500000001,0.9119001575499597,0.0,5275.556270508389,875.6094342884934,0.0,227.6584529150083
Caughlin Ranch Elementary School,4.0,265.0,1073.0,1759.75,0.03537565098979774,0.0,1790.020795691376,4.809844228396371,0.0,1.2505594993830564
Cedar Crest Academy,9.0,1666.0,2107.0,882.8666666666666,0.582806894287091,0.0,890.1438915150983,44.40108366340147,0.0,11.544281752484384
Cedar River Middle School,4.0,1006.0,2134.0,1029.25,0.23721079139770598,0.0,1048.0625357816077,9.906181748245427,0.0,2.575607254543811
Central High School,1.0,700.0,1746.0,2150.0,0.5772948354255235,0.0,2302.7564375386323,20.893950018138533,0.0,5.432427004716018
Central Kitsap School District 401,12.0,1021.0,2107.0,45043.0625,0.002907733092329911,0.0,45277.0131845241,14.840258571376568,0.0,3.858467228557908
Central Point Elementary School,3.0,447.0,2044.0,2145.6666666666665,0.05174598913797433,0.0,2194.353348641168,3.6557486902036964,0.0,0.9504946594529611
Central Primary Center,2.0,84.0,2165.0,2205.42,0.010178447034505982,0.0,2281.130261112576,0.5024725893498245,0.0,0.1306428732309544
Central Unified School District,4.0,441.0,2143.0,2532.2,0.011971280181284568,0.0,2574.5870624501713,1.2231647775481005,0.0,0.31802284216250615
Central Washington University,3.0,1310.0,2186.0,2647.6666666666665,0.5440499848457557,0.0,2706.9073602803496,44.46461148458045,0.0,11.560798985990917
Cesar Chavez Elementary School,1.0,426.0,2177.0,3165.0,0.35190638841638844,0.0,3384.5842637385917,15.16798238351445,0.0,3.9436754197137573
Chaffey Joint Union High School District,2.0,1519.0,2177.0,2182.0,0.7039279772294353,0.0,2256.96384422987,34.20066307282499,0.0,8.892172398934497
Chain Lake Elementary School,4.0,604.0,2124.0,1772.875,0.03982864607097016,0.0,1803.3516679176807,2.8748221245982646,0.0,0.7474537523955488
Charles Wright Academy,5.0,940.0,1248.0,2864.4,0.6611007252047302,0.0,2902.3591475616117,155.2232961188532,0.0,40.35805699090184
Charleston Elementary School,1.0,902.0,1086.0,1099.0,0.7835133860584909,0.0,1182.5583633158178,22.705044979787875,0.0,5.903311694744848
Charlie Keyan Armenian Community School,2.0,387.0,1934.0,563.5,0.13763626587410416,0.0,586.8807646116205,1.9470285706333774,0.0,0.5062274283646782
Cheney Kindergarten,1.0,56.0,1746.0,850.0,0.10527325672181198,0.0,917.1641478243994,1.5175394935004343,0.0,0.3945602683101129
Cherry Valley Elem School,1.0,440.0,1871.0,916.62,0.4104699785659339,0.0,988.1704234711395,5.9696655575782165,0.0,1.5521130449703364
Chestnut Hill Academy,18.0,1873.0,1939.0,6609.583333333333,0.9135973940903249,0.0,6632.9302538033335,1095.1138972217948,0.0,284.72961327766666
Chino Valley Unified School District,3.0,134.0,1711.0,1749.3333333333333,0.004738911094589962,0.0,1789.6875320150143,0.3233491504210716,0.0,0.08407077910947862
Chowchilla Elementary School District,27.0,1768.0,2142.0,1964.7037037037037,0.1507388999529035,0.0,1969.5991217518133,72.58091737489327,0.0,18.871038517472254
Christa McAuliffe Elem School,6.0,1783.0,1877.0,676.1666666666666,0.867693192427332,0.0,684.9701351315852,38.777215033395414,0.0,10.082075908682809
Christa McAuliffe Elementary,3.0,1428.0,2026.0,3591.3333333333335,0.6697629022923048,0.0,3670.4136065954385,79.8171204815806,0.0,20.752451325210956
City of Monroe Public Works,4.0,796.0,1120.0,4060.2749999999996,0.6441629755291925,0.0,4126.630687380519,194.11787861671084,0.0,50.47064844034482
City of Mount Vernon,1.0,350.0,1094.0,4008.0,0.5245998022964227,0.0,4283.087571607129,54.68964051885862,0.0,14.219306534903241
Clara Barton Elementary School,1.0,42.0,906.0,52675.0,0.1975545020843481,0.0,56154.33369739373,320.75788292921936,0.0,83.39704956159704
Clark Middle School,1.0,1431.0,2155.0,3225.0,0.7249499523544537,0.0,3448.5346771100176,32.148802945939785,0.0,8.358688765944345
Clovis Unified School District,9.0,1370.0,2185.0,877.1111111111111,0.14924565889999264,0.0,884.3485586815787,10.910701598622504,0.0,2.836782415641851
Coalinga Middle School,7.0,1805.0,2116.0,1544.7142857142858,0.7607818301821445,0.0,1559.981853003026,79.77418459992772,0.0,20.741287995981207
Coalinga-Huron Unified School District,24.0,1783.0,2162.0,14478.197916666666,0.21407359994846906,0.0,14515.998161472142,670.7426335551974,0.0,174.39308472435133
Coeur d'Alene Public Schools,1.0,400.0,409.0,1215.0,0.8185029517410112,0.0,1306.1958291672418,61.43179929331709,0.0,15.972267816262445
Cold Springs Middle School,1.0,39.0,1928.0,1280.0,0.07890240437051223,0.0,1375.4754436529533,1.5522582666436826,0.0,0.4035871493273575
Colina Middle School,2.0,101.0,1949.0,1076.75,0.01628231485906252,0.0,1116.4885129057611,0.4349730925348745,0.0,0.11309300405906737
Colony High School,2.0,93.0,1879.0,269.0,0.01596773500903833,0.0,282.99477947255684,0.1119544651199595,0.0,0.02910816093118947
Colony Middle School,2.0,294.0,2173.0,672.5,0.0665903813516423,0.0,699.3546945951789,1.0042820485152286,0.0,0.26111333261395947
Columbia Basin College,1.0,230.0,282.0,1999.0,0.7881977139969253,0.0,2141.81456388721,129.73334703485435,0.0,33.730670229062135
Columbia Elementary School,6.0,959.0,2033.0,436.8333333333333,0.08692841217060171,0.0,443.14711001578763,2.3294275084066642,0.0,0.6056511521857327
Columbia High School,1.0,100.0,1760.0,667.0,0.1458874951359295,0.0,722.1153870415496,1.6432680737989376,0.0,0.42724969918772376
Columbia School District 400,4.0,1736.0,1911.0,2448.5,0.8283009067622242,0.0,2489.5741858527076,91.28882189324709,0.0,23.735093692244245
Computer Classrooms In Seattle,4.0,1764.0,2144.0,1460.5,0.7597512308226222,0.0,1486.076908931625,44.787385767622,0.0,11.64472029958172
Conejo Elementary School,4.0,255.0,2005.0,438.0,0.002347388674657236,0.0,447.5384821585408,0.04442812494938889,0.0,0.011551312486841112
Construction Industry Training Council,14.0,1406.0,1913.0,4693.46,0.19031411336103152,0.0,4715.014932196663,128.68126047837188,0.0,33.45712772437669
Conway School District 317,2.0,1025.0,1179.0,2046.75,0.8003524905188668,0.0,2117.4033026677025,65.04082115645087,0.0,16.91061350067723
Conyers Adventist Academy,1.0,104.0,562.0,2300.0,0.44353505992322456,0.0,2462.632470967198,48.13228046308248,0.0,12.514392920401445
Copperopolis Elementary School,3.0,295.0,1654.0,655.6666666666666,0.03350078685998328,0.0,673.0276965647122,0.8875997366389808,0.0,0.23077593152613501
Coral Academy Of Science High School,1.0,3.0,1928.0,4076.0,0.050411500584570175,0.0,4355.564706761412,3.1404725210212803,0.0,0.8165228554655329
"Cornerstone General Contractors, INC.",1.0,264.0,1779.0,1275.0,0.29363290107367823,0.0,1370.1462425386678,6.21195624988871,0.0,1.6151086249710647
Cornish College of the Arts,1.0,7.0,647.0,1721.92,0.19532068562724778,0.0,1846.491554937964,14.070874860872225,0.0,3.6584274638267784
Cottonwood Elementary School,2.0,175.0,247.0,8370.0,0.7530563188713333,0.0,8642.181080360688,928.9745425478978,0.0,241.53338106245346
Cougar Creek Elementary School,7.0,1422.0,2045.0,2781.6428571428573,0.4300250106720357,0.0,2807.9231624391773,83.85072870662819,0.0,21.80118946372333
Crossroads Christian School,4.0,799.0,2004.0,1632.75,0.13800887333611112,0.0,1661.0287368158927,9.6991424442702,0.0,2.521777035510252
Curren K-8 School,3.0,731.0,1854.0,271.6666666666667,0.24582070754229884,0.0,280.9545083785653,2.4401098314416956,0.0,0.6344285561748408
Custom Dental and Aesthetics,1.0,15.0,1515.0,1050.0,0.08115576991601291,0.0,1130.33219239582,1.648721507202245,0.0,0.4286675918725837
Cypress Elementary School,2.0,379.0,1774.0,18350.0,0.15776372629424104,0.0,18940.2528348186,78.18807892496754,0.0,20.328900520491562
Cypress School District,2.0,37.0,1038.0,1747.5,0.02513919706320985,0.0,1808.6159306715572,1.962026923493199,0.0,0.5101270001082318
Dallas School District 2,2.0,686.0,1248.0,4570.155,0.5917073064138884,0.0,4721.231534687529,101.71163434406982,0.0,26.445024929458153
Damonte Ranch High School,28.0,2131.0,2141.0,8028.53,0.9612567834626995,0.0,8046.657673268502,1960.6281401497833,0.0,509.76331643894366
Dayton Elementary School,15.0,1679.0,2134.0,2017.6,0.3288525721845133,0.0,2026.646686032618,92.08063664721993,0.0,23.940965528277182
Dayton High School,6.0,1356.0,1527.0,4164.333333333333,0.813891851106235,0.0,4209.422845889611,271.6387454688063,0.0,70.62607382188963
Dayton Intermediate School,11.0,1611.0,1871.0,1729.9363636363635,0.7237122165066087,0.0,1740.6667666241508,146.2377333868564,0.0,38.02181068058267
Dearborn Park Elem School,2.0,457.0,1949.0,601.5,0.17984836050219952,0.0,626.0918594682739,2.6942415205907317,0.0,0.7005027953535903
Del Dayo Elementary School,3.0,958.0,2044.0,1934.3333333333333,0.354296927435054,0.0,1978.5769586151112,22.569056906533362,0.0,5.867954795698674
Dennis McKinna Elementary School,3.0,1156.0,2185.0,763.0,0.4442819196667491,0.0,782.6175981236873,10.50269701322557,0.0,2.7307012234386483
Depoali Middle School,5.0,1543.0,1952.0,2198.4,0.7060743889912064,0.0,2228.0280470865823,83.57005163553214,0.0,21.728213425238355
Desert Heights Elementary School,6.0,1309.0,1760.0,1311.1666666666667,0.5972349929872266,0.0,1326.5757936909088,54.944322317106774,0.0,14.285523802447761
Desert Pathways High School,1.0,35.0,661.0,3548.0,0.2549718624312268,0.0,3792.801069092862,37.029989521825975,0.0,9.627797275674753
Desert Skies Middle School,4.0,567.0,751.0,90990.6125,0.707075110616214,0.0,92420.51425325166,6846.862902616925,0.0,1780.1843546804005
Dewey High School,2.0,903.0,1690.0,30.0,0.5686251241317243,0.0,36.37763024255273,0.5667224143484507,0.0,0.14734782773059718
Dieringer Heights Elem School,2.0,34.0,561.0,12368.94,0.08546645213545373,0.0,12768.57096630978,81.29353667099879,0.0,21.136319534459687
Dieringer School District 343,4.0,386.0,547.0,1918.6775,0.6643101674188571,0.0,1951.4411534625049,178.80562776107158,0.0,46.48946321787861
Dinuba Unified School District,7.0,971.0,1940.0,5352.857142857143,0.07268605983902657,0.0,5402.029723377743,28.67065180612443,0.0,7.4543694695923515
Discovery Elementary School,1.0,210.0,1557.0,4843.0,0.2818996593743537,0.0,5173.064157692809,25.543252254825408,0.0,6.641245586254606
Dixie School District,3.0,138.0,1246.0,30128.333333333332,0.013983438581402507,0.0,30765.32557246987,22.08130535685152,0.0,5.741139392781395
Donner Springs Elementary School,6.0,722.0,2185.0,3464.3333333333335,0.011535588225438532,0.0,3502.1410175564993,2.280367710675105,0.0,0.5928956047755273
Dorothy Lemelson STEM Academy,5.0,1078.0,2164.0,702.4,0.18412359700579126,0.0,713.3143439174472,6.32325086511284,0.0,1.6440452249293385
Double Diamond Elementary,14.0,1356.0,2164.0,2556.8571428571427,0.02543308709166615,0.0,2568.942827720914,8.331516107428483,0.0,2.1661941879314055
Dry Creek Elementary School,2.0,82.0,2149.0,1511.25,0.01006774132233181,0.0,1564.836426464074,0.34337308255023613,0.0,0.0892770014630614
Dufur School District 29,1.0,15.0,876.0,298.0,0.15555059519349948,0.0,328.82034480727873,1.5246145814218448,0.0,0.39639979116967966
E Otis Vaughn Middle School,9.0,1026.0,2082.0,952.2222222222222,0.020977799367082772,0.0,959.9787709491336,1.7433192012148586,0.0,0.45326299231586326
Earl Wooster High School,7.0,1055.0,1940.0,1802.142857142857,0.12151347963950208,0.0,1819.7023865370033,16.145603826601093,0.0,4.197856994916284
East Valley School District 361,1.0,252.0,1428.0,13065.9,0.34823880223735726,0.0,13937.361726224477,92.21768124801645,0.0,23.97659712448428
Eastlake High School,3.0,1447.0,1917.0,1300.0,0.7175586024105925,0.0,1330.9074472277523,32.68564634899287,0.0,8.498268050738146
Eastside Catholic School,3.0,1100.0,1471.0,700.0,0.7143199315161963,0.0,718.2930906868976,22.556280650465,0.0,5.864632969120899
Eastside High School,16.0,1080.0,1438.0,22506.348125,0.17952732876059627,0.0,22594.23709347378,866.2972178056357,0.0,225.2372766294653
Echo Loder Elementary School,10.0,1529.0,1746.0,13221.7,0.7702450413560282,0.0,13304.939506407422,1159.3833315263562,0.0,301.4396661968526
Edmonds School District 15,3.0,772.0,920.0,1633.1333333333332,0.7868010976395234,0.0,1671.0445516316022,89.11934212879608,0.0,23.17102895348698
Edward C Reed High School,17.0,2121.0,2123.0,1378.0258823529414,0.9481956976426121,0.0,1383.6718683512256,205.7188686690346,0.0,53.486905853949
Edward Pine Middle School,10.0,1358.0,1564.0,1964.0,0.756572497530425,0.0,1977.264983109036,187.74150775597082,0.0,48.812792016552415
Edward W Van Gorder Elem Sch,14.0,1818.0,2058.0,4417.025,0.742399637975454,0.0,4437.354795116219,440.69779402725504,0.0,114.58142644708632
Edwin Dodson Elementary School,6.0,1534.0,1774.0,3307.3333333333335,0.7870869062076121,0.0,3343.5078074875014,181.13911938500019,0.0,47.09617104010005
El Capitan Middle School,10.0,1089.0,2072.0,1088.3200000000002,0.02157219426191935,0.0,1096.1420160232256,2.2737576312429533,0.0,0.5911769841231679
Elizabeth Blackwell Elem Sch,3.0,1856.0,1970.0,5165.0,0.8397274308517283,0.0,5277.164927278423,147.7777889163913,0.0,38.42222511826174
Elizabeth Lenz Elem School,6.0,1412.0,2141.0,9082.241666666667,0.41202639469997226,0.0,9178.490270996255,217.65850181366446,0.0,56.59121047155276
Ella Baker Elementary School,3.0,600.0,945.0,18393.333333333332,0.6113938227467955,0.0,18783.60978245832,759.750191858532,0.0,197.53504988321833
Emerson Elementary School,2.0,647.0,1858.0,3074.0,0.3373999357004169,0.0,3177.392702443944,26.845937509396506,0.0,6.979943752443092
Emilie Ritchen Elementary School,1.0,923.0,1822.0,8994.0,0.6486406437538603,0.0,9597.366922772642,93.96315013499152,0.0,24.430419035097795
Emily Dickinson Elem School,7.0,1428.0,1773.0,1477.857142857143,0.6820358128112655,0.0,1492.5294613859885,80.95805635267872,0.0,21.049094651696468
Endeavour Elementary School,3.0,903.0,1968.0,771.6666666666666,0.34047926944237206,0.0,791.4664721626108,8.995261616211469,0.0,2.338768020214982
English Crossing Elem School,2.0,513.0,1389.0,9600.0,0.37932781765545753,0.0,9911.38230861552,123.88645286915973,0.0,32.21047774598153
Enumclaw High School,1.0,508.0,1564.0,45885.0,0.514833124518093,0.0,48917.278584194006,439.26396669719094,0.0,114.20863134126965
Enumclaw School District 216,13.0,1183.0,2173.0,19649.30769230769,0.006519439047491454,0.0,19743.934736007617,15.218793060754502,0.0,3.9568861957961707
Enumclaw Senior Center,1.0,39.0,749.0,695.0,0.2338347757677766,0.0,751.9589132815485,6.030436686916528,0.0,1.5679135385982974
Esther Bennett Elem School,22.0,1662.0,1952.0,1901.590909090909,0.423941236496564,0.0,1907.4243436531735,176.65513000902297,0.0,45.93033380234597
Eureka Union School District,1.0,68.0,2043.0,129.0,0.09605817907697753,0.0,148.69334714442846,0.19329851817839702,0.0,0.05025761472638323
Evergreen Junior High School,11.0,1608.0,1953.0,1385.0,0.6162253883350384,0.0,1393.782392736633,95.72364425548402,0.0,24.888147506425845
Explorer Middle School,4.0,758.0,2018.0,2381.525,0.11186813301418308,0.0,2421.548649292192,11.385850329704153,0.0,2.96032108572308
Federal Way High School,1.0,8.0,1634.0,38690.0,0.06715521708661838,0.0,41248.55818073716,46.358649303760394,0.0,12.053248818977703
Federal Way Public Schools,18.0,1868.0,2172.0,59901.6238888889,0.5756536553484396,0.0,60108.49022700493,5612.524073869372,0.0,1459.2562592060367
Ferndale School District 502,1.0,1225.0,1564.0,8396.0,0.768636272952466,0.0,8959.994469504094,120.12279438347963,0.0,31.231926539704705
Fernley High School,2.0,171.0,808.0,2087.0,0.20992138564748794,0.0,2158.9361070882364,24.534068265124912,0.0,6.378857748932477
Fidalgo Elementary School,2.0,538.0,947.0,3245.0,0.6169292752806695,0.0,3353.8426292988843,97.0780848972998,0.0,25.24030207329795
Fife School District 417,3.0,154.0,1899.0,792.6666666666666,0.0045260944229275485,0.0,812.9079746415407,0.12706209451533867,0.0,0.033036144573988055
Finn Hill Junior High School,2.0,743.0,1199.0,1072.5,0.6538567886093172,0.0,1112.1030615073196,27.47692443966554,0.0,7.144000354313041
"First Choice, LLC",1.0,61.0,2065.0,634.0,0.08925970055109014,0.0,686.9426596872652,0.8213558333277003,0.0,0.21355251666520209
First Presbyterian Church - Carson City,1.0,209.0,323.0,599.0,0.7434288227559094,0.0,649.6382518872666,33.46875029384093,0.0,8.701875076398641
Florence Drake Elementary School,10.0,1914.0,2155.0,1146.5,0.792093853515191,0.0,1154.6836456425526,84.71130732422881,0.0,22.02493990429949
Forest Ridge School of the Sacred Heart,2.0,157.0,1249.0,2975.55,0.08022475857530645,0.0,3075.8050106376936,8.977440904425427,0.0,2.334134635150611
Fossil School District 21J,1.0,63.0,1358.0,2100.0,0.1508351633811717,0.0,2249.4644263957775,6.75740960861938,0.0,1.7569264982410389
Fowler Unified School District,5.0,1498.0,2173.0,4114.4,0.5409355816930207,0.0,4167.995597402132,108.11815467897166,0.0,28.110720216532634
Frank Augustus Miller Middle,7.0,427.0,2117.0,5916.285714285715,0.00019719869291323958,0.0,5970.474664697392,0.07910421279407974,0.0,0.020567095326460734
Frank Intermediate,2.0,235.0,1768.0,7210.5,0.07128768363532802,0.0,7445.72675177412,13.93365520194437,0.0,3.6227503525055362
Frank Sparkes Elementary,7.0,1063.0,2086.0,785.1428571428571,0.07989795058631209,0.0,793.6477371316838,4.320826780294124,0.0,1.1234149628764722
Frank Wagner Elementary School,1.0,1047.0,1911.0,12052.5,0.6713788854855266,0.0,12857.23924438109,124.50943929025094,0.0,32.37245421546525
Fred Traner Middle School,10.0,1387.0,1830.0,2556.96,0.4458163534563886,0.0,2573.910646551392,124.16996978630232,0.0,32.284192144438606
Fremont Intermediate,2.0,264.0,1695.0,2213.0,0.09456466227430467,0.0,2288.951842665561,5.913726095100973,0.0,1.537568784726253
Fremont Unified School District,1.0,36.0,1241.0,950.0,0.13131999560836866,0.0,1023.7481701101096,2.9120344238685294,0.0,0.7571289502058177
French American School of Puget Sound,7.0,560.0,591.0,2985.1428571428573,0.8745327056597894,0.0,3013.234982649583,568.305354527585,0.0,147.75939217717212
Fronteras Spanish Chtr Hs,1.0,366.0,1928.0,1396.0,0.3494358504846795,0.0,1499.1129095043773,7.492430206438454,0.0,1.948031853673998
Fryelands Elementary School,2.0,898.0,1738.0,435.0,0.5495227412367596,0.0,454.28535174109527,6.660474949028289,0.0,1.7317234867473552
Fugman Elementary School,9.0,883.0,2178.0,1082.888888888889,0.0038776646705750125,0.0,1091.5484893317443,0.3509724528505817,0.0,0.09125283774115124
Fuller Elementary School,3.0,490.0,939.0,38142.0,0.4684441418247213,0.0,38947.47098669136,1213.992786849342,0.0,315.63812458082896
Gateway High School,1.0,47.0,1904.0,725.0,0.0868883826480232,0.0,783.9341199672615,0.9859314312640736,0.0,0.2563421721286591
Gateway Unified School District,16.0,1034.0,2185.0,820.49375,0.0001616265118346633,0.0,824.3331055837381,0.019161065012847638,0.0,0.004981876903340386
George Hall Elementary School,4.0,625.0,2086.0,4467.5,0.048672896499776894,0.0,4540.243216322005,8.998986498534963,0.0,2.3397364896190904
George L. Dilworth Middle School,4.0,1617.0,1968.0,3746.775,0.759297551612579,0.0,3808.2132822036374,124.47603744000128,0.0,32.363769734400336
George Westergard Elementary School,7.0,2039.0,2124.0,525.2857142857143,0.8805360187311432,0.0,531.4770098851216,31.34360740800173,0.0,8.14933792608045
Getchell High School,2.0,1583.0,2103.0,3857.5,0.7393884115532738,0.0,3985.8635661331,65.577102655713,0.0,17.05004669048538
Glacier Park Elem School,1.0,190.0,1968.0,1050.0,0.20461838995011117,0.0,1130.33219239582,3.2438890509398544,0.0,0.8434111532443621
Glacier Peak High School,1.0,14.0,884.0,1972.5,0.15217330635284168,0.0,2113.569797981497,9.508657627621341,0.0,2.472250983181549
Glenn Duncan Elementary School,4.0,1478.0,1781.0,3471.75,0.7675847313829492,0.0,3528.874376753009,128.21059359072424,0.0,33.33475433358831
Glenwood Elementary School,1.0,54.0,2178.0,1848.0,0.0782854132519301,0.0,1980.8726902357876,1.973974741257295,0.0,0.5132334327268967
Glenwood School District 401,1.0,76.0,1141.0,149.0,0.20194150314348944,0.0,170.0101516015705,0.803851622127104,0.0,0.20900142175304706
Golden Valley Unified School District,2.0,123.0,2072.0,12796.0,0.01840854020798229,0.0,13209.241760243527,5.488085870281083,0.0,1.4269023262730816
Grace Warner Elementary School,2.0,241.0,913.0,1019.25,0.26646074008156256,0.0,1057.1559351621408,13.661916131412838,0.0,3.5520981941673377
Grand View Elementary School,3.0,427.0,1952.0,330.0,0.052779165768471865,0.0,340.51423748670396,0.6045979886979581,0.0,0.1571954770614691
Granger Middle School,2.0,375.0,1847.0,975.5,0.1430720800217856,0.0,1012.0115825311256,3.646322414844311,0.0,0.9480438278595209
Granger School District 204,6.0,1527.0,1907.0,3354.875,0.6974164706828914,0.0,3391.5440316617915,152.0143760537524,0.0,39.52373777397562
Granite Falls School District 332,21.0,1862.0,2166.0,5515.986666666667,0.4972641605771346,0.0,5532.7620858591845,520.1241981730147,0.0,135.23229152498385
Grants Pass School District 7,25.0,2141.0,2185.0,823.1232000000001,0.9395991873644989,0.0,825.5834771451996,172.52674990537298,0.0,44.856954975396974
Green Acres Elementary,3.0,165.0,2149.0,1298.6000000000001,0.003508914596990377,0.0,1329.478013729157,0.14317025597712774,0.0,0.03722426655405321
Greenbrae Elementary School,1.0,24.0,598.0,634.0,0.25352472326211783,0.0,686.9426596872652,7.275476520685964,0.0,1.8916238953783506
Harbour Pointe Middle School,6.0,1051.0,1968.0,2172.3333333333335,0.16677649507491735,0.0,2196.7008429759544,22.850284420790413,0.0,5.941073949405507
Hawthorne Elementary School,1.0,24.0,2040.0,2072.0,0.06203150723251167,0.0,2219.6209001557786,1.8659661339830127,0.0,0.48515119483558333
Health Science High and Middle College,1.0,35.0,1262.0,9825.0,0.12745690653997455,0.0,10483.080147966893,28.49367995358654,0.0,7.408356787932501
Helen Keller Elem School,4.0,842.0,1900.0,932.0,0.19861169990436017,0.0,949.2871206190821,8.392504207083798,0.0,2.1820510938417876
Helena School District 1,6.0,226.0,1662.0,1379.1783333333333,0.0001413171949087498,0.0,1395.2949593308833,0.014435300163753701,0.0,0.0037531780425759625
Helm Elementary School,1.0,296.0,2144.0,398.0,0.2669020523003256,0.0,435.404367092989,1.5017437401719456,0.0,0.39045337244470585
Henry David Thoreau Elementary School,5.0,1813.0,1906.0,1269.2,0.8622943610804029,0.0,1287.2045357331328,60.3165604781855,0.0,15.68230572432823
Henry Miller Elementary School,9.0,1311.0,1781.0,1774.3333333333333,0.4298094156910601,0.0,1787.7715824397246,77.1607783778396,0.0,20.061802378238298
Hephatha Lutheran School Church and School,6.0,1458.0,1577.0,5189.333333333333,0.8479735366134681,0.0,5245.085523091669,342.12459582941483,0.0,88.95239491564786
Heritage Christian Academy,13.0,2038.0,2054.0,4248.331538461538,0.9317667002215148,0.0,4269.4272099328555,496.3071804241961,0.0,129.03986691029098
Heritage High School,1.0,1328.0,2157.0,974.0,0.7039879939115219,0.0,1049.3283354586802,9.491019661638758,0.0,2.467665112026077
Heritage Oak Private Education,25.0,2116.0,2166.0,1550.6668,0.9352975678334574,0.0,1554.9292342098404,326.16279722481886,0.0,84.8023272784529
Hermiston School District 8R,4.0,281.0,2159.0,62.084999999999994,0.002367551692868326,0.0,65.72706631462495,0.006131834966081109,0.0,0.0015942770911810886
Herz Middle School,2.0,71.0,218.0,37855.0,0.5274093590675771,0.0,39066.89507637187,3212.9942692035943,0.0,835.3785099929346
Hidden River Middle School,2.0,465.0,2033.0,1144.5,0.17071108207955135,0.0,1186.397767551505,4.6547893121441595,0.0,1.2102452211574815
Hidden Valley Elementary School,5.0,1192.0,1409.0,324.0,0.7759277747976961,0.0,330.18087782172483,18.512223475181383,0.0,4.81317810354716
Highgrove Elementary School,4.0,675.0,2123.0,782.25,0.06027215122554572,0.0,797.188216551337,1.9240133930242742,0.0,0.5002434821863113
Highland Elementary School,7.0,664.0,1982.0,3096.6428571428573,0.005243083457210923,0.0,3125.727699865604,1.1725057863640818,0.0,0.30485150445466125
Highland High School,7.0,1027.0,1330.0,4752.072857142856,0.6225308240181563,0.0,4795.896478887283,311.02381184803727,0.0,80.8661910804897
Hillsboro School District 1J,1.0,76.0,2115.0,497.02,0.09815559702755278,0.0,540.9438659602993,0.6951549890553718,0.0,0.18074029715439666
Hockinson School District 98,3.0,504.0,987.0,4058.9733333333334,0.44983731919104997,0.0,4147.88523608338,118.65581229720856,0.0,30.850511197274226
Holy Family Kirkland,3.0,497.0,591.0,6590.333333333333,0.7924317445103953,0.0,6732.464365372142,534.5889064362501,0.0,138.99311567342502
Holy Rosary Bilingual Academy - Tacoma,4.0,847.0,1990.0,2259.5,0.17250680940245422,0.0,2297.6096257939175,16.88240192715162,0.0,4.3894245010594215
Holy Rosary School - Edmonds,16.0,2044.0,2136.0,4954.59375,0.8984619437766634,0.0,4974.455970011404,656.8332401219786,0.0,170.77664243171446
Horace Mann Elementary School,3.0,780.0,1599.0,3091.066666666667,0.39268183125395417,0.0,3159.6293697640417,50.427506409488664,0.0,13.111151666467054
Horizon Elementary School,2.0,278.0,1806.0,1540.0,0.0901656839841632,0.0,1594.5027153358842,3.698660582375481,0.0,0.961651751417625
Houghton-Kearney K-8 School,4.0,736.0,2080.0,3416.625,0.08965942704395385,0.0,3472.8847134025286,12.714770147559717,0.0,3.3058402383655263
Huffaker Elementary School,2.0,166.0,2150.0,1123.5,0.026314461607575428,0.0,1164.7284782886175,0.6677148138773754,0.0,0.17360585160811762
Hug High School,3.0,388.0,2019.0,7729.09,0.03662575607774529,0.0,7895.16216971649,9.419807510721602,0.0,2.4491499527876166
Hunter Lake Elementary School,3.0,489.0,1598.0,4322.0,0.13708826542565095,0.0,4416.441756338523,24.621782861448082,0.0,6.401663543976501
Huntington Christian School,10.0,1730.0,1899.0,4695.0,0.831511839883851,0.0,4725.240068883917,410.49667003755235,0.0,106.72913420976361
Huron Elementary School,6.0,1065.0,2178.0,586.8333333333334,0.10371190465795373,0.0,594.7075018014547,3.4921795591080205,0.0,0.9079666853680853
Immaculate Conception Regional School,3.0,814.0,906.0,3738.9133333333334,0.8202568150686336,0.0,3821.096317825937,215.41588217421392,0.0,56.00812936529562
Incline Elementary School,15.0,1266.0,1472.0,2199.866666666667,0.6542949050527141,0.0,2209.667068092631,283.76651403513625,0.0,73.77929364913543
Incline High School,9.0,2071.0,2095.0,1766.0,0.9127503262352207,0.0,1779.3806565224663,139.76451206891213,0.0,36.33877313791715
Incline Middle School,1.0,1064.0,1983.0,3084.0,0.6647998110933504,0.0,3298.251205687166,30.531116438571953,0.0,7.938090274028708
Inglewood Middle School,4.0,1770.0,1897.0,1041.0,0.8438228365860968,0.0,1059.9968404413473,39.874721541835086,0.0,10.367427600877123
Inglewood Unified School District,2.0,157.0,661.0,2548.0,0.26445259367750434,0.0,2634.628599954479,45.04370600083944,0.0,11.711363560218256
Ingraham High School,1.0,41.0,1969.0,650.0,0.0784203476711929,0.0,703.9961032529789,0.7739336480984025,0.0,0.20122274850558466
Integrated Technologies Group,1.0,645.0,2117.0,1062.5,0.4852036817872946,0.0,1143.6551951815336,7.258395379616048,0.0,1.8871827987001726
InterMountain ESD,12.0,1153.0,2141.0,1421.8033333333333,0.009660664137700545,0.0,1430.0405079330467,1.5336591332474196,0.0,0.39875137464432914
International Cmty School,1.0,15.0,701.0,1850.0,0.19745960556429504,0.0,1983.0043706815018,14.239508401203665,0.0,3.702272184312953
Intra Communication Systems Inc,2.0,315.0,2005.0,2690.0,0.08941244140474248,0.0,2781.154270208289,5.791368065175302,0.0,1.5057556969455785
Issaquah School District 411,3.0,776.0,2122.0,120.33333333333333,0.20065384085416518,0.0,126.4395540065942,0.7881012391404859,0.0,0.20490632217652635
IvyTech Charter School,2.0,374.0,2173.0,1476.75,0.10192369765921054,0.0,1529.2368798179018,3.361217664408393,0.0,0.8739165927461823
Jarman Elementary School,1.0,220.0,2145.0,172.5,0.20928059748771796,0.0,195.0573968387124,0.5272888087818728,0.0,0.13709509028328692
Jefferson Elementary School,22.0,1608.0,2185.0,4431.272727272727,0.031174306008653244,0.0,4444.229171954079,27.184468409607366,0.0,7.067961786497915
Jerry Whitehead Elem School,12.0,1360.0,2089.0,3203.7083333333335,0.08185390597141252,0.0,3221.1657835414403,29.965126171792424,0.0,7.79093280466603
Jesse Hall Elementary School,12.0,1393.0,2145.0,1098.8916666666667,0.07921175277251435,0.0,1105.4579696072105,9.70356548394745,0.0,2.522927025826337
Jessie Beck Elementary School,3.0,1295.0,2165.0,520.0,0.5427614719862883,0.0,534.5087837246413,8.840558212366139,0.0,2.298545135215196
John F. Kennedy Catholic High School - Burien,7.0,492.0,1662.0,9970.0,0.002659053577229209,0.0,10060.280358126996,2.2615454246015587,0.0,0.5880018103964053
John F. Kennedy High School,12.0,1401.0,2017.0,5595.305833333333,0.16088551232302972,0.0,5625.13834736041,106.34814042226564,0.0,27.650516509789067
John H. Nuffer Elementary School,1.0,57.0,976.0,2249.0,0.20701807853678966,0.0,2408.2746196014855,13.472546818039895,0.0,3.5028621726903726
John James Audubon Elementary,3.0,1451.0,1907.0,863.3333333333334,0.72283589475755,0.0,885.0603321896858,22.00525044848707,0.0,5.721365116606639
John Muir Elementary School,4.0,1470.0,1515.0,840.75,0.8646278292913104,0.0,856.6058184742958,40.83889022857513,0.0,10.618111459429535
John W. North High School,2.0,145.0,1905.0,1216.25,0.028254258619727125,0.0,1260.4345058663703,0.8708499413358751,0.0,0.22642098474732755
Joint Base Elmendorf (Anchorage),1.0,608.0,2178.0,236.0,0.45673705948454285,0.0,262.7382509901384,1.5275440196698742,0.0,0.3971614451141673
Journey Education,2.0,63.0,191.0,250.0,0.5521756542493665,0.0,263.38923204423014,24.815189335690864,0.0,6.451949227279624
Juanita High School,15.0,1980.0,2081.0,15607.0,0.8897343805566689,0.0,15672.242040639447,1973.3259380490979,0.0,513.0647438927655
Juniper Elementary School,4.0,187.0,1708.0,1515.795,0.0017405926848580847,0.0,1542.239238817608,0.13219704037295857,0.0,0.03437123049696923
Kamala School,3.0,1378.0,2039.0,3548.6666666666665,0.6388725218838677,0.0,3626.8499190191997,74.7742988050705,0.0,19.441317689318332
Kamiak High School,4.0,1241.0,1731.0,1460.0,0.6424510966796004,0.0,1485.5690661801466,46.40972672689537,0.0,12.066528948992797
Kamiakin Middle School,1.0,1499.0,1849.0,429.0,0.7763484661736972,0.0,468.4454140015592,5.413038220925119,0.0,1.407389937440531
Kate Smith Elementary School,3.0,907.0,1736.0,481.0,0.44156062517922007,0.0,494.68885054948566,8.214364327480515,0.0,2.135734725144934
Katherine Dunn Elem School,8.0,1079.0,2148.0,3967.09375,0.04247321635456034,0.0,3999.288302430408,12.764189038135761,0.0,3.318689149915298
Kellogg Middle School,1.0,335.0,807.0,88.2,0.6106717674875943,0.0,105.20706605185867,2.0616501258714712,0.0,0.5360290327265825
Kennedy Elementary School,1.0,230.0,588.0,297.0,0.6091750048470347,0.0,327.7545045844216,8.463097619049615,0.0,2.2004053809529
Kent Prairie Elementary School,1.0,8.0,913.0,3145.0,0.1362128001939679,0.0,3363.2674592814496,13.154012909347207,0.0,3.420043356430274
Kent School District 415,3.0,1541.0,1647.0,46596.0,0.8369028711090247,0.0,47579.207270352,1573.8425107200294,0.0,409.1990527872077
Kidder Mathews,1.0,133.0,451.0,229.0,0.5612616218556895,0.0,255.2773694301387,7.598711068865783,0.0,1.9756648779051036
Kids Unlimited,1.0,371.0,1977.0,1899.0,0.3451502221062319,0.0,2035.2305416015,9.809479564874968,0.0,2.5504646868674916
Kingswood Elementary School,3.0,175.0,2061.0,4713.5,0.004598121816732742,0.0,4816.172623981431,0.7073602128975159,0.0,0.18391365535335416
Kirkland Junior High School,4.0,1234.0,1361.0,1103.75,0.8282390293818643,0.0,1123.7311057518716,56.737262572730515,0.0,14.751688268909934
Kitsap County,1.0,76.0,1731.0,13298.0,0.12554022188475925,0.0,14184.74324194961,28.218462464429724,0.0,7.336800240751728
Klamath Falls City Schools,1.0,18.0,2051.0,99.16,0.05718540079296418,0.0,116.88867489437251,0.09012344880450605,0.0,0.023432096689171573
Knight High School,3.0,105.0,941.0,33098.473333333335,0.019769619209614377,0.0,33797.90958069696,44.37408992734228,0.0,11.537263381108994
Kodiak Area Native Association,3.0,1010.0,2016.0,10404.066666666668,0.4042994744207916,0.0,10626.377352069492,140.1518991819182,0.0,36.43949378729873
La Veta Elementary School,4.0,895.0,2074.0,276.0,0.1792129081040657,0.0,282.9974306795778,2.0766923429599795,0.0,0.5399400091695947
Lake Stevens School District 4,1.0,49.0,112.0,22906.769999999997,0.7287172190289225,0.0,24426.156800132245,2494.911421008894,0.0,648.6769694623125
Lake Stickney,3.0,83.0,1647.0,11539.666666666666,0.0021975857325918025,0.0,11785.852124215815,1.0237073624654263,0.0,0.2661639142410108
Lake Tapps Elementary School,3.0,416.0,899.0,9615.666666666666,0.38674495053643204,0.0,9821.402087574808,262.8936384309681,0.0,68.35234599205171
Lake Washington High School,6.0,1561.0,1907.0,2265.6666666666665,0.7249723251317024,0.0,2291.0050867537025,106.7437567756558,0.0,27.75337676167051
Lake Washington School District 414,111.0,2093.0,2145.0,61335.121981981974,0.8793739233580921,1.0,61369.36957184063,53455.466649828166,61369.36957184063,13898.421328955324
Lakeside Middle School,1.0,43.0,1368.0,2475.0,0.12539095104973683,0.0,2649.1545099671907,6.570404927993105,0.0,1.7083052812782074
Lakeside School,6.0,301.0,1582.0,3242.1666666666665,0.0007570125191888334,0.0,3277.6632372783943,0.19029315192461274,0.0,0.049476219500399314
Lakeview Elementary School,3.0,837.0,1267.0,946.6666666666666,0.631300130827938,0.0,970.1456594870267,30.951595543292942,0.0,8.047414841256165
Lakeview Terrace Elem School,4.0,1464.0,1515.0,5515.0,0.8626082194346735,0.0,5604.1737806690035,266.55626108763767,0.0,69.3046278827858
Lakewood Elementary School,2.0,437.0,1900.0,1335.75,0.17520811993703156,0.0,1383.7430804813723,5.943407080064105,0.0,1.5452858408166674
Lakewood High School,9.0,1338.0,1963.0,1224.5888888888887,0.2729740688890388,0.0,1234.2277936288046,30.847715399284777,0.0,8.020406003814042
Lakewood Middle School,4.0,1195.0,1849.0,3867.145,0.5374658905755626,0.0,3930.4713461945184,96.49741567041922,0.0,25.089328074308998
Lakewood School District 306,92.0,2056.0,2185.0,11375.63760869565,0.27528788865472353,0.0,11383.395167073919,2530.0212117339943,0.0,657.8055150508385
Lancaster High School,4.0,1072.0,1205.0,2180.0,0.817351295162723,0.0,2216.8626283088706,123.68534831724854,0.0,32.15819056248462
Laton Elementary School,8.0,828.0,1955.0,2723.4875,0.012161989552714633,0.0,2746.0046550970633,2.745272412385638,0.0,0.7137708272202659
Laton High School,6.0,720.0,2156.0,4351.5,0.01232295936704572,0.0,4398.536534751061,3.098875452273845,0.0,0.8057076175911998
Laton Unified School District,7.0,882.0,2156.0,12421.285714285714,0.018842054840292655,0.0,12533.390588376453,15.592247619259462,0.0,4.05398438100746
Laura Ingalls Wilder Elem Sch,5.0,1591.0,1920.0,842.6200000000001,0.754055932067252,0.0,855.2883783147576,34.80381409771267,0.0,9.048991665405294
Laurelhurst Elementary School,2.0,588.0,1960.0,971.5,0.26809773347497307,0.0,1007.8840988620042,6.430810308360155,0.0,1.6720106801736405
Lemmon Valley Elementary School,8.0,1265.0,2141.0,684.9,0.13696780896522964,0.0,691.553435180659,7.139931675174934,0.0,1.856382235545483
Lemonwood Elementary School,6.0,1165.0,1920.0,29501.833333333332,0.30112848591973357,0.0,29810.499025018522,573.20607460579,0.0,149.0335793975054
Libby C Booth Elem School,7.0,1783.0,1793.0,6802.428571428572,0.904608431644417,0.0,6864.507111706971,488.63670149792733,0.0,127.0455423894611
Liberty Elementary School,1.0,14.0,1360.0,3000.0,0.09164263112767533,0.0,3208.7206269671697,5.848309685846906,0.0,1.5205605183201956
Liddell Elementary School,4.0,343.0,2124.0,886.6,0.005043512229113296,0.0,903.1749987848542,0.18232238559312444,0.0,0.04740382025421236
Life Academy,2.0,73.0,1165.0,2060.0,0.03545027815757603,0.0,2131.075592321667,2.9316729584878143,0.0,0.7622349692068318
Lincoln County School District,3.0,261.0,2159.0,1792.2600000000002,0.010366828429842344,0.0,1833.516685812421,0.5807646509994827,0.0,0.1509988092598655
Lincoln Elementary,1.0,47.0,1562.0,745.0,0.11106392476935185,0.0,805.2509244244036,1.5617989024532266,0.0,0.4060677146378389
Lincoln Elementary School,4.0,1433.0,1897.0,2832.25,0.689445316196504,0.0,2879.343497612288,88.49833937995784,0.0,23.00956823878904
Lincoln Park Elementary School,2.0,959.0,1570.0,9591.4,0.6414060293388395,0.0,9902.50821872691,186.55124773609109,0.0,48.50332441138369
Littlerock High School,7.0,640.0,1200.0,13219.048571428571,0.12393805952637217,0.0,13338.256162313819,189.44051991983596,0.0,49.25453517915735
Live Oak School District,3.0,365.0,1998.0,1703.6666666666667,0.032121986912440045,0.0,1743.0607726560718,1.84221872395805,0.0,0.478976868229093
Lois Allen Elementary School,3.0,1659.0,1925.0,7810.0,0.7964567603136072,0.0,7977.773215696025,216.60772751267493,0.0,56.318009153295485
Longfellow Elementary School,1.0,39.0,1687.0,500.0,0.09335904190979447,0.0,544.1200698244135,0.8248528408406809,0.0,0.21446173861857704
Longview School District 122,3.0,752.0,1949.0,163.33333333333334,0.2317620291521972,0.0,170.34358289202214,1.330066425702521,0.0,0.34581727068265544
Lopez Island School District 144,1.0,825.0,2177.0,359.0,0.5545977415631413,0.0,393.836598401562,2.781566851712192,0.0,0.7232073814451699
Los Angeles Clippers,5.0,218.0,2095.0,2575.2,0.00018511060546830288,0.0,2609.541498526509,0.023988145894711616,0.0,0.00623691793262502
Los Banos Elementary School,5.0,1301.0,2177.0,301.0,0.36182091892703955,0.0,306.89316714465923,5.315481420249289,0.0,1.3820251692648151
Los Banos High School,2.0,58.0,947.0,375.0,0.04418183187298615,0.0,392.37309670427413,0.8133661250398113,0.0,0.21147519251035096
Los Banos Junior High School,16.0,1895.0,2177.0,4803.5625,0.6657154742154406,0.0,4822.839356028169,463.35889388337824,0.0,120.47331240967834
Los Banos Unified School District,14.0,1609.0,1891.0,947.7557142857141,0.634428891474052,0.0,952.7099945649072,87.63412482151513,0.0,22.784872453593934
Lou Mendive Middle School,8.0,1811.0,2141.0,1318.25,0.735199180881839,0.0,1329.8319884112927,73.69730291340981,0.0,19.161298757486552
Louisa May Alcott Elementary School,6.0,737.0,2067.0,673.3333333333334,0.018181127276605584,0.0,682.1073277311893,0.7381455499718353,0.0,0.1919178429926772
Luckiamute Charter School,2.0,770.0,2178.0,506.5,0.33871026866327103,0.0,528.0641223266405,3.8486257561782313,0.0,1.0006426966063402
Lynden Middle School,2.0,166.0,1113.0,105372.0,0.11016348317637831,0.0,108735.72379838939,484.8404312497785,0.0,126.05851212494241
Lynden School District 504,2.0,1134.0,1218.0,83027.0,0.8238685949351808,0.0,85678.56815175993,2628.717925819883,0.0,683.4666607131696
Lyon County School District,6.0,721.0,1652.0,3787.6666666666665,0.06083535844319214,0.0,3828.83786207227,17.14987512315071,0.0,4.458967532019185
Madera County Superintendent of Schools,8.0,1156.0,2178.0,1594.0,0.06364404141766851,0.0,1607.7277980794813,7.58766709603919,0.0,1.9727934449701894
Magnolia Public Schools,1.0,26.0,1224.0,859.0,0.12009697291172568,0.0,926.7567098301133,2.4419363994350607,0.0,0.6349034638531158
Maple View Middle School,1.0,113.0,1205.0,1370.0,0.23963948354515,0.0,1471.4010637100926,7.8492862426455465,0.0,2.0408144230878422
Marcola School District 79J,8.0,1666.0,1668.0,8456.25,0.9140661134293643,0.0,8523.377915560994,744.3857745161149,0.0,193.54030137418988
Margaret Mead Elem School,3.0,356.0,813.0,42163.333333333336,0.3582014447663567,0.0,43053.348540751846,1168.2623133808288,0.0,303.7482014790155
Marie Cabayan Elementary,3.0,146.0,1541.0,3084.6666666666665,0.007966741808142221,0.0,3153.0948166276053,1.0571130439989547,0.0,0.2748493914397282
Marin Preparatory School,1.0,301.0,1199.0,9086.0,0.4512094080135912,0.0,9695.424223275495,97.8353145662489,0.0,25.437181787224713
Marina West Elementary,2.0,636.0,1701.0,1395.5,0.3761184822706388,0.0,1445.3973677888732,14.803177809425982,0.0,3.8488262304507557
Mariner High School,12.0,630.0,1829.0,1632.9583333333333,7.058356759147028e-05,0.0,1642.2881067506548,0.01494842348177848,0.0,0.0038865901052624052
Mariposa Acad-Language & Lrng,5.0,1623.0,1743.0,6548.8,0.8488352521620288,0.0,6632.847896195543,333.0366459484961,0.0,86.58952794660898
Maritime Academy of Toledo,2.0,252.0,2124.0,2917.2749999999996,0.05360605731506169,0.0,3015.6727329331807,3.5630927083543447,0.0,0.9264041041721296
Mark Twain Elementary School,5.0,1308.0,1778.0,1445.4,0.6259430583235478,0.0,1465.6086497026527,53.253038924895975,0.0,13.845790120472953
Marshall Elementary,1.0,358.0,1113.0,55463.0,0.5253684047175555,0.0,59125.89623871933,744.1719933581279,0.0,193.48471827311326
Marshall Elementary School,1.0,1027.0,1618.0,4598.0,0.7146078676113891,0.0,4911.933303092819,59.29272999214087,0.0,15.416109797956628
Marvin Moss Elementary School,1.0,100.0,1655.0,2615.0,0.1567434882690394,0.0,2798.372141167185,7.252579063274399,0.0,1.8856705564513438
Marvin Picollo Spec Ed Center,1.0,431.0,1316.0,5139.0,0.5236569780882817,0.0,5488.552863658511,58.94499023610836,0.0,15.325697461388174
Marysville School District 25,76.0,2150.0,2178.0,11266.599605263156,0.9644148760185627,1.0,11275.902963781395,7282.980040000538,11275.902963781395,1893.57481040014
Marysville-Pilchuck High Sch,3.0,672.0,2103.0,1624.1866666666665,0.14257945866605748,0.0,1661.9097908929596,7.424219641725707,0.0,1.9302971068486838
Mathews Elementary School,1.0,126.0,1872.0,30.0,0.1589978205210696,0.0,43.17516508157531,0.10098131458582939,0.0,0.026255141792315643
Medford School District 549C,5.0,1495.0,2142.0,5991.0,0.55699268620501,0.0,6068.07028681871,164.32127910389946,0.0,42.72353256701386
Mercer Island School District 400,2.0,1343.0,2185.0,2398.0,0.6396487274589887,0.0,2479.847962362426,34.02689443174888,0.0,8.846992552254708
Miguel Sepulveda Elem School,6.0,1103.0,1657.0,3069.8333333333335,0.4343132667726054,0.0,3103.537187160195,98.95998914482237,0.0,25.72959717765382
Mike Inskeep Elementary,1.0,28.0,92.0,58742.31,0.7111037001358673,0.0,62621.11673993686,6911.693698995395,0.0,1797.0403617388026
Miramonte Elementary,2.0,715.0,2115.0,901.5,0.31821132229925736,0.0,935.6531346523795,6.589067234130787,0.0,1.7131574808740047
Modoc Joint Unified School District,5.0,511.0,2102.0,8485.4,0.006959137150743516,0.0,8593.673135204464,2.9604084965504374,0.0,0.7697062091031137
Monroe High School,6.0,1309.0,1778.0,1559.5833333333333,0.5821242244171061,0.0,1577.5766425315048,63.076399725093616,0.0,16.39986392852434
Monroe School District 103,35.0,1994.0,2010.0,58239.76085714286,0.963173588396746,0.0,58343.03332551608,18845.61892256873,0.0,4899.8609198678705
Montclair Elementary School,1.0,83.0,2165.0,78.24,0.10063614604334896,0.0,94.59129743220193,0.12187116590806281,0.0,0.03168650313609633
Moorpark Unified School District,14.0,907.0,2096.0,2337.8571428571427,0.00018783997773073562,0.0,2348.9722378150873,0.05800562292587983,0.0,0.015081461960728756
Moreno Valley Unified School District,1.0,11.0,1232.0,850.0,0.09950028091804766,0.0,917.1641478243994,1.9901264431208376,0.0,0.5174328752114178
Mortgage Lending Group,1.0,34.0,336.0,475.0,0.43481530834451937,0.0,517.474064252986,15.121726805428194,0.0,3.931648969411331
Moses Lake School District 161,8.0,1527.0,1618.0,854.875,0.8711510655378644,0.0,862.8511332707782,73.90896132797006,0.0,19.216329945272218
Mound Elementary School,1.0,21.0,1984.0,595.0,0.06200676581953452,0.0,645.3748909958382,0.5569423084165234,0.0,0.1448050001882961
Mount Baker School District,2.0,733.0,1330.0,1185.0,0.59132835097487,0.0,1228.188539701359,24.92172209418568,0.0,6.479647744488276
Mount Rose Elementary School,5.0,1094.0,2145.0,1009.844,0.2028863284634833,0.0,1024.6042100652624,10.093028411901095,0.0,2.6241873870942847
Mountain Elementary School,1.0,91.0,380.0,3500.0,0.5365936924182665,0.0,3741.6407383957207,122.41693990468451,0.0,31.828404375217975
Mountain Oaks School,7.0,719.0,2155.0,1744.0,0.004878726983498131,0.0,1761.0418664768874,0.567519341248042,0.0,0.14755502872449094
Mountain View Elementary School,2.0,479.0,1690.0,550.0,0.2519620596696247,0.0,572.9505072283358,3.955143078388699,0.0,1.0283372003810618
Muckleshoot Indian Tribe,14.0,1316.0,1634.0,9957.128571428571,0.4559335019084783,0.0,10002.011647840054,759.0740499622892,0.0,197.35925299019522
Mukilteo School District 6,105.0,2110.0,2173.0,32934.36180952381,0.8291060776693557,1.0,32953.84912891992,25292.142185613277,32953.84912891992,6575.956968259452
Multicultral Child and Family Hope Center,1.0,27.0,134.0,750.0,0.642498554432045,0.0,810.5801255386891,65.96334053544741,0.0,17.150468539216327
Myrtle Point School District 41,3.0,97.0,184.0,1549.0500000000002,0.6292462520966688,0.0,1585.1934563885854,244.83461079744066,0.0,63.656998807334574
Nancy Gomes Elementary School,6.0,1658.0,2162.0,4130.666666666667,0.6370170887839017,0.0,4175.405957955496,151.6619754331431,0.0,39.43211361261721
Natchez Elementary School,1.0,266.0,1582.0,85170.0,0.32994718153584907,0.0,90788.81173913529,516.8747385471207,0.0,134.3874320222514
National School District,41.0,1897.0,2185.0,31110.508048780488,0.12611866736392272,0.0,31157.708424655215,1422.9318666283314,0.0,369.9622853233662
Needles High School,2.0,514.0,2068.0,6107.0,0.19572654148377958,0.0,6307.057194555252,27.912725453641936,0.0,7.2573086179469035
Needles Middle School,1.0,43.0,1597.0,1100.0,0.10400458953534043,0.0,1183.624203538675,2.105262753619359,0.0,0.5473683159410334
Nell Dawson Elementary School,7.0,1046.0,2159.0,732.5714285714286,0.05730812627585482,0.0,740.608249706321,2.798590762667732,0.0,0.7276335982936103
"Nelson Electric Co., Inc.",3.0,629.0,1625.0,20410.0,0.24109141582522467,0.0,20842.674703053974,201.14903269238278,0.0,52.29874850001952
Nevada City School District,1.0,295.0,318.0,1353.0,0.8097600386410457,0.0,1453.2817799215218,82.54082040572493,0.0,21.460613305488483
Newbury Park High School,1.0,3.0,1920.0,798.0,0.05068739501856428,0.0,861.74045623583,0.6272182197390318,0.0,0.16307673713214826
Nick Poulakidas Elementary School,6.0,659.0,751.0,36873.458333333336,0.8097879355341954,0.0,37258.80817899864,4576.101481572342,0.0,1189.786385208809
Nome Public Schools,6.0,1813.0,1990.0,3530.8333333333335,0.8351973982829379,0.0,3569.332791248145,183.97728311702156,0.0,47.834093610425604
Norman Rockwell Elem School,3.0,1171.0,1220.0,685.0,0.8482594982334931,0.0,702.9777317733763,31.21121349264594,0.0,8.114915508087945
North Bend School District 13,2.0,1520.0,1598.0,3971.75,0.8305441454649803,0.0,4103.7548184323805,98.45204921751842,0.0,25.59753279655479
North County Joint Union School District,2.0,54.0,2038.0,1696.0,0.007378262506722576,0.0,1755.474578431619,0.29698724159132084,0.0,0.07721668281374341
North Douglas School District 22,1.0,4.0,348.0,328.37,0.33013097557834153,0.0,361.18991237544896,7.796262293388776,0.0,2.0270281962810817
North Mason School District 403,4.0,963.0,2142.0,100.0,0.2038890436007415,0.0,104.236782159223,0.8438116817031877,0.0,0.2193910372428288
North Tapps Middle School,3.0,348.0,483.0,40792.153333333335,0.7159380849874087,0.0,41653.34095174903,3544.7910503505677,0.0,921.6456730911476
North Valleys High School,15.0,1687.0,2012.0,2419.4166666666665,0.5568268251126157,0.0,2430.1249588092132,197.7448377875863,0.0,51.41365782477244
Northgate Elementary School,2.0,189.0,1949.0,401.0,0.040332044824570694,0.0,419.2017405535633,0.4045435701795707,0.0,0.10518132824668838
Northshore School District 417,61.0,2067.0,2165.0,19659.77524590164,0.7877407867509698,1.0,19679.876795285785,8393.890808334598,19679.876795285785,2182.4116101669956
Northwest ESD 189,9.0,1441.0,1520.0,4892.388888888889,0.8783016965331716,0.0,4927.376363147212,504.57685153196053,0.0,131.18998139830975
Nyssa Elementary School,1.0,1217.0,2066.0,677.06,0.6917234940041309,0.0,732.837739683492,6.787263632907403,0.0,1.7646885445559248
O'Brien Middle School,3.0,1988.0,2089.0,5011.0,0.844074533907083,0.0,5119.927242432937,136.2710704385951,0.0,35.43047831403473
OETC,2.0,575.0,1122.0,300996.335,0.5584692360029567,0.0,310594.78579719824,6968.844722531405,0.0,1811.8996278581653
Oakland Bay Junior High School,11.0,337.0,2122.0,5768.0,8.666163849572416e-08,0.0,5801.535158263582,5.1774513299385726e-05,0.0,1.3461373457840289e-05
Odyssey Charter School,4.0,1379.0,2024.0,6110.25,0.5893431683766754,0.0,6208.760576303896,153.35897059010216,0.0,39.87333235342656
Odyssey Elementary School,1.0,15.0,1821.0,350.0,0.0642055172640129,0.0,384.24403639584807,0.3725696471871605,0.0,0.09686810826866174
Ojai Unified School District,2.0,50.0,2184.0,547.5,0.005860006707061126,0.0,570.3708299351349,0.0717301257664157,0.0,0.018649832699268083
Old Redmond Schoolhouse Community Center,2.0,448.0,526.0,12350.0,0.7979321422764367,0.0,12749.027331136489,800.4700188790792,0.0,208.1222049085606
Olympia High School,1.0,78.0,157.0,13110.0,0.7254966259078546,0.0,13984.365280052476,1167.4246313972117,0.0,303.530404163275
Olympia School District,1.0,110.0,617.0,88.2,0.4255955300357816,0.0,105.20706605185867,1.8205640279090323,0.0,0.4733466472563484
Olympia School District 111,2.0,1001.0,1795.0,439.565,0.5906015035287729,0.0,458.9958424784801,7.014560756285335,0.0,1.8237857966341873
Olympic View Middle School,6.0,339.0,1525.0,8936.458333333334,0.0017229550408304894,0.0,9031.190410224119,1.2352529636229665,0.0,0.3211657705419713
Open Window School,8.0,1074.0,1228.0,1190.75,0.789756396159294,0.0,1201.3398189364277,120.68457252002845,0.0,31.3779888552074
Orcas Island School District 137,1.0,493.0,962.0,4180.0,0.6632024753113495,0.0,4466.412089938551,81.10692141626079,0.0,21.087799568227805
Othello School District 147,1.0,33.0,1919.0,1999.0,0.07443862877333957,0.0,2141.81456388721,2.2905410897785674,0.0,0.5955406833424276
Our Lady of Fatima School,3.0,393.0,507.0,6328.933333333333,0.7541038215417822,0.0,6465.568710705844,556.530318314658,0.0,144.6978827618111
Our Lady of Lourdes,1.0,94.0,269.0,4400.0,0.6367660947977024,0.0,4700.896938967113,238.26561246571853,0.0,61.94905924108682
Our Lady of the Lake Catholic School,13.0,2023.0,2102.0,2943.496923076923,0.9021283434229513,0.0,2958.3627115302957,325.70817253101245,0.0,84.68412485806324
Oxnard School District,45.0,2014.0,2185.0,19570.60111111111,0.552025113972323,0.0,19597.73712205859,4295.2660186956155,0.0,1116.76916486086
Pachappa Elementary School,2.0,667.0,1934.0,2274.5,0.3311517594260346,0.0,2352.4119040783025,18.77716413885679,0.0,4.882062676102765
Pacheco High School,8.0,1630.0,1955.0,1444.75,0.7132424578020269,0.0,1457.3163761647863,85.44183830454743,0.0,22.21487795918233
Palm Lane Charter School,2.0,21.0,94.0,17379.0,0.6126523600829048,0.0,17938.306174139376,2834.2970893578017,0.0,736.9172432330284
Palmdale High School,9.0,513.0,1052.0,16100.734444444446,0.026875409204982208,0.0,16213.184028551,71.43525113155276,0.0,18.57316529420372
Palmdale School District,1.0,28.0,499.0,1549.0,0.3090888150397065,0.0,1662.1864636015139,25.043368096244535,0.0,6.511275705023579
Pathfinder Kinder Center,2.0,184.0,1347.0,2292.5,0.08648747553829414,0.0,2370.985580589349,6.953747189804129,0.0,1.8079742693490735
Pau-Wa-Lu Middle School,1.0,220.0,2166.0,450.0,0.20704986967096234,0.0,490.82805868155833,1.3004928218834435,0.0,0.3381281336896953
Peavine Elementary School,8.0,1095.0,1336.0,1492.5,0.6918630082793031,0.0,1505.437953360275,122.52346511053956,0.0,31.856100928740286
Peninsula School District 401,2.0,52.0,153.0,10535.0,0.5944804427844979,0.0,10876.18161627265,1271.792685913623,0.0,330.666098337542
Perris Union High School District,6.0,214.0,1442.0,19501.0,0.0002613821651896711,0.0,19705.63090379747,0.4309093127024428,0.0,0.11203642130263514
Pershing County School District,15.0,994.0,2137.0,1301.8,0.0002470447281945042,0.0,1307.8866852358522,0.044581269324134955,0.0,0.011591130024275089
Peter Kirk Elementary School,4.0,1141.0,1598.0,31411.25,0.6401156188344554,0.0,31906.61948660786,1071.0456797536553,0.0,278.4718767359504
Picnic Point Elementary School,2.0,727.0,1926.0,337.5,0.3760358010394714,0.0,353.67793730626096,3.2184130765222108,0.0,0.8367873998957748
Pierce Joint Unified School District,1.0,26.0,1198.0,144.0,0.12318805674403976,0.0,164.680950487285,0.45404463805035394,0.0,0.11805160589309203
Pinewood Elementary School,2.0,247.0,2171.0,965.0,0.04933312876141392,0.0,1001.1769378996819,1.0660540113047219,0.0,0.2771740429392277
Pioneer Union School District,19.0,1986.0,2024.0,2214.6315789473683,0.9346039017561493,0.0,2222.4101685171545,379.8689546143052,0.0,98.76592819971935
Pleasant Valley Elementary School,3.0,410.0,1708.0,1794.0,0.0714863706916289,0.0,1835.293267446389,5.010325499857771,0.0,1.3026846299630206
Poly High School,5.0,392.0,1928.0,1005.4,0.0032872763013374303,0.0,1020.1046193587894,0.18024936525694601,0.0,0.04686483496680596
Pomona Catholic,2.0,234.0,668.0,3137.0,0.4063534437883165,0.0,3242.4005702326062,84.39929049953658,0.0,21.94381552987951
Pope John Paul II High School,10.0,1778.0,1788.0,4911.9,0.9219208739035678,0.0,4943.488254934658,504.1339254723561,0.0,131.07482062281258
Port Angeles School District 121,2.0,1217.0,1339.0,422.025,0.8155985451011342,0.0,440.89682658938267,12.26210283059504,0.0,3.1881467359547107
Post Middle School,1.0,722.0,913.0,6000.0,0.7732377000565477,0.0,6406.241295538477,142.23132319831487,0.0,36.98014403156186
Promethean Inc.,1.0,14.0,36.0,440.0,0.7776772117315662,0.0,480.1696564529873,82.88094875713158,0.0,21.54904667685421
Puyallup School District 3,5.0,1584.0,1808.0,24329.15,0.8037768464223236,0.0,24635.615136933066,1131.3632332808045,0.0,294.15444065300915
Quail Valley Middle School,2.0,328.0,1533.0,3333.5,0.16542276676222215,0.0,3445.1632054781953,17.119067148698004,0.0,4.450957458661481
Quartz Hill High School,7.0,686.0,1183.0,11139.151428571427,0.1976521430966307,0.0,11239.841084916165,257.9582967115636,0.0,67.06915714500654
Quilcene School District 48,2.0,249.0,335.0,7998.0,0.7595994104157489,0.0,8258.325099132397,712.4790850957885,0.0,185.244562124905
R. Rex Parris Continuation School,4.0,764.0,1205.0,8890.99,0.5318431464771842,0.0,9033.117881795324,327.93816641820655,0.0,85.2639232687337
R.M. Miano Elementary School,7.0,1161.0,2151.0,849.2857142857143,0.11354967816930993,0.0,858.3616769523031,6.449586829404613,0.0,1.6768925756451993
Rachel Carson Elem School,1.0,187.0,1036.0,650.0,0.37744628637294253,0.0,703.9961032529789,6.7994747155586674,0.0,1.7678634260452537
Rainier School District 307,2.0,36.0,507.0,13483.5,0.1073082119637596,0.0,13918.653015873768,121.23016621398766,0.0,31.519843215636794
Rainier View Elementary School,1.0,354.0,1785.0,2117.5,0.3649774223793035,0.0,2268.1166302957768,12.74088084173268,0.0,3.312629018850497
Ramona Elementary School,3.0,601.0,1386.0,2851.2666666666664,0.31729587110878155,0.0,2914.787831933213,42.98841092171195,0.0,11.176986839645108
Ramona High School,15.0,679.0,1928.0,4347.893333333333,5.600660312853779e-06,0.0,4366.576328563164,0.0037217403711482795,0.0,0.0009676524964985527
Raymond Elementary School,2.0,196.0,1613.0,500.0,0.06490166552327023,0.0,521.3569613643182,0.9688187682683437,0.0,0.25189287974976937
Raymond School District 116,6.0,951.0,1428.0,1163.3416666666667,0.44093561392326486,0.0,1177.2130275861339,43.82412872035644,0.0,11.394273467292676
Redmond Elementary School,9.0,1491.0,1900.0,2827.1111111111113,0.5688689072461038,0.0,2847.825223320026,153.00246018410056,0.0,39.780639647866145
Redmond High School,11.0,1875.0,1891.0,6360.636363636364,0.9240881193541217,0.0,6397.51840507399,679.3920857055474,0.0,176.64194228344232
Redmond Middle School,5.0,1918.0,1920.0,6936.0,0.8898368182931841,0.0,7024.891442898143,337.33445143893067,0.0,87.70695737412198
Reed Union School District,6.0,794.0,1242.0,19828.166666666668,0.3895510569398499,0.0,20036.200958325546,750.362578807203,0.0,195.0942704898728
Renton School District 403,13.0,1731.0,1768.0,243625.54,0.9201423425663527,0.0,244789.53300749732,32399.85365272022,0.0,8423.961949707258
Renton Technical College,12.0,1971.0,2183.0,2774.16,0.8078541376682907,0.0,2789.394798596231,245.55967531031342,0.0,63.84551558068149
Rio Vista Middle School,7.0,1097.0,2155.0,711.1285714285714,0.0787328962162813,0.0,718.9744805146173,3.7391610732193357,0.0,0.9721818790370274
Ripon Christian Schools,7.0,1425.0,1988.0,4972.857142857143,0.4836655759243244,0.0,5018.646471879197,173.16449088685388,0.0,45.02276763058201
Rita Cannan Elementary School,5.0,1002.0,1996.0,965.24,0.19257141206659978,0.0,979.4422514983132,9.809106417562658,0.0,2.5503676685662913
River Bluff Elementary School,3.0,2142.0,2178.0,10422.266666666668,0.8578255329117542,0.0,10644.959987551232,276.6749878660184,0.0,71.93549684516479
Riverside Adult School,1.0,21.0,1781.0,2509.0,0.07126432096530604,0.0,2685.3930775443323,2.9517079086919487,0.0,0.7674440562599066
Riverside Unified School District,3.0,1213.0,1893.0,581.0,0.5996924065686705,0.0,596.7912433062947,12.396798711869849,0.0,3.223167665086161
Riverview Elementary School,3.0,1214.0,1969.0,6391.666666666667,0.5688446141611366,0.0,6529.620945095282,123.92586232631997,0.0,32.220724204843194
Riverview Middle School,6.0,504.0,1820.0,63633.333333333336,0.004765977406432475,0.0,64297.055773235144,20.587017013037475,0.0,5.352624423389743
Riverview School District 407,2.0,457.0,2012.0,3495.0,0.1691224791652973,0.0,3611.8103586189723,14.178807970571846,0.0,3.68649007234868
Robert Frost Elementary School,6.0,1795.0,1907.0,1420.0,0.8610784354892222,0.0,1436.541277953176,79.49793072440751,0.0,20.669461988345954
Robert Mcqueen High School,2.0,1073.0,1768.0,1542.0,0.636053048462117,0.0,1596.566457170445,26.657769052099695,0.0,6.931019953545921
Robert Mitchell Elementary School,7.0,1807.0,2060.0,4983.142857142857,0.7951744169228246,0.0,5029.023762897202,275.76995093833176,0.0,71.70018724396625
Robertson High School,9.0,1582.0,2142.0,2915.8877777777775,0.4308374216011264,0.0,2937.2154353017618,106.61685073609799,0.0,27.720381191385478
Roger Corbett Elementary School,3.0,416.0,2162.0,1037.8666666666666,0.03559692993253644,0.0,1063.2630416812365,1.154902955098401,0.0,0.30027476832558425
Rollan Melton Elementary School,4.0,1197.0,1766.0,850.05,0.5870320384151405,0.0,866.0516936517919,24.257629359757626,0.0,6.306983633536983
Romig Middle School,1.0,101.0,2078.0,140.0,0.12034787777969155,0.0,160.41758959585658,0.2570627859248852,0.0,0.06683632434047015
Roosevelt Elementary School,15.0,1532.0,2177.0,905.6046666666666,0.08704124528931871,0.0,910.0529913236679,10.73762178669549,0.0,2.7917816645408275
Rosa Parks Elementary,1.0,362.0,1267.0,20150.0,0.48502122532366765,0.0,21487.880448966476,221.43825946754694,0.0,57.573947461562206
Rosalia School,1.0,63.0,2016.0,2960.0,0.09361762173911889,0.0,3166.0870180528855,4.062599452687015,0.0,1.0562758576986238
Rose Avenue Elementary School,3.0,698.0,2029.0,2109.0,0.17366706020749278,0.0,2156.9158046303382,12.144994020892632,0.0,3.1576984454320844
Rose Hill Elementary School,5.0,1868.0,1917.0,941.6,0.876511319733613,0.0,955.5065349589293,45.263471903859816,0.0,11.768502695003553
Rose Hill Junior High School,10.0,2053.0,2081.0,1712.0,0.915974266531321,0.0,1723.6986258716613,151.19324695952312,0.0,39.31024420947601
Rosen Family Preschool,1.0,7.0,1213.0,500.0,0.09612982805163096,0.0,544.1200698244135,1.1572523834106236,0.0,0.30088561968676214
Rowland Unified School District,1.0,69.0,1919.0,1650.0,0.1047109285771788,0.0,1769.8363261100812,2.6624592588912663,0.0,0.6922394073117293
Roy H Gomm Elementary School,9.0,1336.0,2155.0,1135.7433333333333,0.1373074004579116,0.0,1144.7682166594857,13.166721475516196,0.0,3.4233475836342113
Ruch Elementary School,3.0,782.0,1995.0,4597.333333333333,0.23966863841297853,0.0,4697.563677728937,37.09646527393968,0.0,9.645080971224317
SIERRA LINDA Elementary School,2.0,1183.0,2150.0,797.5,0.5797879590294913,0.0,828.3385592552229,10.462823482556198,0.0,2.7203341054646115
SOAR High School,6.0,466.0,1330.0,18072.626666666667,0.020711104687360097,0.0,18262.398757022813,34.123217349430554,0.0,8.872036510851945
Sacred Heart Catholic School,16.0,1463.0,1526.0,8776.78125,0.9020587661850129,0.0,8811.45743003405,1605.7919412872473,0.0,417.5059047346843
Salem Woods Elementary School,10.0,1497.0,1940.0,2543.05,0.4877665994068024,0.0,2559.9141861181706,127.83230519233342,0.0,33.23639935000669
Samantha Smith Elementary School,2.0,768.0,1553.0,352.0,0.5285617315945574,0.0,368.64006560682606,5.781932836397797,0.0,1.5033025374634272
Samish Indian Nation,1.0,33.0,140.0,1162.0,0.6504109924742106,0.0,1249.7062973558154,100.31468652952599,0.0,26.081818497676757
Sams Valley Elementary School,2.0,138.0,2072.0,2625.0,0.02168991103634401,0.0,2714.082660585066,1.3286313627952537,0.0,0.345444154326766
San Benito County Office of Education,1.0,98.0,2017.0,330.0,0.12229435868170094,0.0,362.92723193870603,0.6080563103252797,0.0,0.15809464068457274
San Joaquin Elementary School,1.0,44.0,2158.0,990.0,0.07188756033362131,0.0,1066.3817790243936,0.9844866418435032,0.0,0.2559665268793108
San Jose Job Corps Center,5.0,820.0,2046.0,333.4,0.07198223167197568,0.0,339.6984639245255,1.2420292346655493,0.0,0.3229276010130428
San Juan Unified School District,1.0,238.0,2038.0,899.0,0.23571160126870758,0.0,969.3903187443974,3.0995552686501906,0.0,0.8058843698490495
San Luis High (continuation),2.0,548.0,1137.0,2249.5,0.525789545114849,0.0,2326.615131146294,48.549768739760054,0.0,12.622939872337614
San Mateo-Foster City School District,1.0,2.0,2082.0,1588.0,0.044870167812531926,0.0,1703.754232292941,1.0160486921353813,0.0,0.2641726599551991
Saroyan Elementary School,14.0,1132.0,2170.0,3400.35,0.002197945112676919,0.0,3416.1739755157337,0.9549459674787674,0.0,0.24828595154447952
Sciex,2.0,143.0,1235.0,5638.05,0.0719567378579157,0.0,5823.1613278966315,15.404959424976722,0.0,4.005289450493948
Seattle Academy Of Arts & Sciences,1.0,97.0,1766.0,489.0,0.142451275770487,0.0,532.3958273729853,1.1791847524892372,0.0,0.30658803564720166
Seattle Country Day School,11.0,1050.0,1164.0,15917.59090909091,0.8175864421600383,0.0,16008.445356418419,2368.507008646145,0.0,615.8118222479977
Seattle Hill Elementary School,1.0,17.0,766.0,1200.0,0.18406663373650164,0.0,1290.2082258243852,7.983876367243746,0.0,2.075807855483374
Seattle Preparatory School,21.0,1704.0,2117.0,4132.275714285714,0.20568892275933637,0.0,4144.968835869291,164.7374517495413,0.0,42.83173745488074
Selah School District 119,1.0,21.0,528.0,878.85,0.27619637618661436,0.0,947.9136382538268,12.167306925664922,0.0,3.16349980067288
Sequoia Middle School,3.0,302.0,1884.0,195.91333333333333,0.02349870567597772,0.0,203.60854245219053,0.16648197443456064,0.0,0.04328531335298577
Serrano High School,13.0,542.0,1487.0,6870.153846153846,6.803744597425815e-05,0.0,6903.767308062495,0.07951817071178391,0.0,0.020674724385063816
Shadow Lake Elem School,1.0,108.0,1938.0,599.0,0.13703264707173266,0.0,649.6382518872666,1.2669936923172285,0.0,0.3294183600024794
Shelton School District 309,26.0,2024.0,2173.0,38684.846153846156,0.8135151995957809,0.0,38777.380999205576,7330.012617170021,0.0,1905.8032804642055
Sheridan Elementary School,1.0,16.0,2150.0,877.4,0.05238527637155501,0.0,946.368169930684,0.6389368850734628,0.0,0.16612359011910033
Shore Acres Elementary School,7.0,399.0,1694.0,1030.0,0.0006349397129075322,0.0,1040.6849149769876,0.054865768031438784,0.0,0.014265099688174085
Shoreline School District 412,10.0,2093.0,2143.0,17452.142,0.9078659208219688,0.0,17561.676678804222,1484.5879436373134,0.0,385.9928653457015
Shoultes Elementary School,1.0,795.0,1911.0,425.0,0.5870064957758155,0.0,464.18205311013077,3.930231440992977,0.0,1.021860174658174
Sierra Middle School,4.0,479.0,1690.0,10997.25,0.04325248673084701,0.0,11172.415629252611,24.037087969117973,0.0,6.249642871970673
Sierra View Elementary,3.0,1509.0,2072.0,1425.0,0.6925882035253937,0.0,1458.5354381737636,32.102728872555225,0.0,8.346709506864359
Sierra Vista Elementary,5.0,1358.0,2170.0,787.4,0.417825071442036,0.0,799.3776225066026,16.037854645065586,0.0,4.1698422077170525
Sierra Vista High School,3.0,650.0,1743.0,491.0,0.2180948601775197,0.0,504.8990898251666,4.125209853180451,0.0,1.0725545618269172
Silver Lake Elementary School,9.0,1583.0,2039.0,1965.5755555555556,0.543330431453618,0.0,1980.3355007099472,95.01682650033375,0.0,24.704374890086775
Silver Stage Elementary School,19.0,2063.0,2185.0,3435.1052631578946,0.8743720912879297,0.0,3446.8648170910487,512.3986066268509,0.0,133.22363772298124
Silverland Middle School,2.0,574.0,976.0,39633.0,0.6331140224257803,0.0,40901.56156729633,1182.0941013670647,0.0,307.34446635543685
Simplex Grinnell (Dist 463),1.0,118.0,2123.0,42.0,0.13069688060347187,0.0,55.965247755860545,0.09541757267158073,0.0,0.02480856889461099
Sky Ranch Middle School,2.0,533.0,680.0,5785.95,0.7660568144861377,0.0,5975.775036562395,288.70413761511,0.0,75.06307577992861
Smith Valley Elementary School,2.0,971.0,1548.0,2851.0,0.6552033038981653,0.0,2947.2854878904254,57.476733647989704,0.0,14.943950748477324
Smithridge Elementary School,3.0,1032.0,1434.0,13125.666666666666,0.6891612835080465,0.0,13405.196073338808,415.94778569478143,0.0,108.14642428064317
Sno-Isle Tech Skills Center,4.0,2109.0,2137.0,28863.75,0.8726418991381091,0.0,29319.160667826018,1018.0962645545718,0.0,264.7050287841887
Snohomish County PUD,4.0,1376.0,1525.0,3116.9,0.8249261002066117,0.0,3168.4583760288733,143.2326956728308,0.0,37.24050087493601
Snohomish School District 201,10.0,691.0,904.0,7888.325,0.5004718814556058,0.0,7938.413829697566,826.1446864356167,0.0,214.79761847326034
Snowline Joint Unified School District,10.0,1301.0,1576.0,2645.25,0.6544211335051976,0.0,2662.7494309977724,217.12666240763926,0.0,56.45293222598621
Soria Elementary,1.0,72.0,1955.0,212.9,0.10485473693204889,0.0,238.11734184213935,0.3524036722452916,0.0,0.09162495478377583
South Bay Union School District,2.0,85.0,1926.0,4704.0,0.013534173943095973,0.0,4859.342297610918,1.5915264719849842,0.0,0.4137968827160959
South Wasco County School District 1,2.0,1231.0,1282.0,24910.5,0.8337662950574938,0.0,25709.841987636348,761.2030924206123,0.0,197.9128040293592
South Whidbey School District 206,4.0,539.0,1281.0,13193.305,0.18419940497572787,0.0,13402.916856447884,159.23314301863715,0.0,41.40061718484566
Southern Kern Unified School District,2.0,19.0,57.0,50899.0,0.7244636682445816,0.0,52526.61932137678,12193.910528917617,0.0,3170.4167375185807
Southern Oregon University,1.0,70.0,1722.0,3850.0,0.12052749070860191,0.0,4114.684816395707,7.897655237024433,0.0,2.0533903616263527
Spanaway Lake High School,1.0,182.0,471.0,995.0,0.6183008592193656,0.0,1071.7109801386791,33.899947106211975,0.0,8.813986247615114
Spanish Springs Elementary School,20.0,1509.0,2072.0,3129.35,0.042408144100638416,0.0,3139.5724566094395,25.03573560796822,0.0,6.5092912580717375
Spanish Springs High School,19.0,1608.0,2162.0,3176.75,0.07714695483134812,0.0,3187.666845803494,42.23453724182202,0.0,10.980979682873725
Sparks High School,6.0,1408.0,1417.0,5194.333333333333,0.8964074983260735,0.0,5250.137536151191,400.2201445453106,0.0,104.05723758178075
Sparks Middle School,6.0,1691.0,1701.0,1892.3333333333333,0.8966418754388699,0.0,1913.7881116427095,122.90365931434593,0.0,31.954951421729945
Spring Grove School,2.0,288.0,1864.0,320.0,0.08951476535972384,0.0,335.6201962538548,0.7500216571614345,0.0,0.19500563086197298
Spring Hill Elementary School,1.0,34.0,2158.0,1980.0,0.06469038635726827,0.0,2121.563599652925,1.762540752169209,0.0,0.45826059556399434
St Albans Country Day School,1.0,2.0,2151.0,99.0,0.04297007276965685,0.0,116.71814045871538,0.06460997756588643,0.0,0.016798594167130473
St. Alphonsus Parish School,1.0,47.0,1938.0,1197.0,0.08496662786508902,0.0,1287.0107051558139,1.5563574838405305,0.0,0.40465294579853794
St. Anselm School,1.0,29.0,535.0,2860.0,0.2935869516158366,0.0,3059.5029957671754,41.27986020084152,0.0,10.732763652218795
St. Brendan Parish School,4.0,1624.0,1781.0,7086.125,0.8307372907298141,0.0,7199.942666501631,283.10929563440976,0.0,73.60841686494653
St. Frances Cabrini Catholic School,13.0,2084.0,2122.0,9751.797692307691,0.9228560257288918,0.0,9799.169452662176,1093.7249557304817,0.0,284.36848848992526
St. Francis of Assisi,2.0,79.0,1990.0,925.0,0.011528394741166091,0.0,959.9021012084678,0.25957684791292773,0.0,0.06748998045736121
St. Joseph Parish School,2.0,84.0,156.0,8688.5,0.7012589759139962,0.0,8970.831967514481,1222.6582672008565,0.0,317.8911494722227
St. Joseph School,4.0,1714.0,2135.0,1067.75,0.740320931787993,0.0,1087.1664276454353,32.05576598389607,0.0,8.33449915581298
St. Louise Parish School,6.0,510.0,1667.0,12713.833333333334,0.008680386049800488,0.0,12847.859976366677,8.141479189153918,0.0,2.1167845891800185
St. Mark's Lutheran School,2.0,393.0,1235.0,1131.5,0.3170786413222256,0.0,1172.9834456268604,13.673797425006159,0.0,3.5551873305016013
St. Mary Magdalen,5.0,978.0,2170.0,404.0,0.12013692144779971,0.0,411.1816106115181,2.371974263271435,0.0,0.6167133084505731
St. Mary's of Medford,3.0,628.0,2143.0,423.32666666666665,0.11287920201520821,0.0,435.802997233542,1.5137870415879735,0.0,0.39358463081287315
St. Monica Parish School,1.0,40.0,154.0,1500.0,0.649255002808665,0.0,1609.960292681516,121.7296807948963,0.0,31.64971700667304
St. Patrick Catholic Church and School,3.0,1582.0,1739.0,14001.333333333334,0.8239008712501992,0.0,14299.272692579267,442.31345348971325,0.0,115.00149790732544
St. Paul Parish School,1.0,730.0,1891.0,2586.0,0.5635683252070821,0.0,2767.462774704329,22.723129344100837,0.0,5.908013629466218
St. Paul Parochial School,1.0,63.0,1991.0,165.0,0.09509436700351047,0.0,187.06359516728415,0.24674191362756626,0.0,0.06415289754316723
St. Paul's School,5.0,175.0,2018.0,1496.8,9.890548686098965e-05,0.0,1517.6516205200949,0.0077252631449267264,0.0,0.002008568417680949
St. Thomas School,3.0,122.0,1952.0,19077.826666666668,0.002545007225982357,0.0,19482.493854052496,1.6680246682143138,0.0,0.4336864137357216
St. Vincent de Paul School Federal Way,2.0,722.0,1884.0,694.5,0.3846366741505675,0.0,722.0558547753467,6.863457732013996,0.0,1.784499010323639
Starbuck School District 35,2.0,397.0,2185.0,104.5,0.11201450454112898,0.0,113.25201357993895,0.27212968109365987,0.0,0.07075371708435158
Starbucks Minden,3.0,306.0,1938.0,2506.0,0.02220457663590504,0.0,2562.26230387487,1.927137533296877,0.0,0.501055758657188
Stead Elementary School,2.0,126.0,2185.0,1836.0,0.016845977430733905,0.0,1899.9365068508682,0.6865797976278986,0.0,0.17851074738325362
Steinbeck Elementary,2.0,89.0,2143.0,1718.0,0.011167892145792961,0.0,1778.1757386117868,0.433983777756189,0.0,0.11283578221660914
Stephens Elementary School,3.0,202.0,699.0,9430.0,0.17051106808970548,0.0,9631.831978356333,142.23505346945527,0.0,36.98111390205837
Stillwater Elementary School,2.0,1521.0,1760.0,905.0,0.7968421364094473,0.0,939.2646828628607,19.73203519882727,0.0,5.13032915169509
Summit Trail Middle School,2.0,56.0,1094.0,600.0,0.03129633653492092,0.0,624.5440530923534,0.8037593761099006,0.0,0.20897743778857414
Sumner-Bonney Lake School District 320,4.0,607.0,896.0,31798.5,0.6073744877517984,0.0,32299.943697627787,1755.5604201444146,0.0,456.4457092375478
Sun Valley Elementary School,7.0,1450.0,2149.0,3012.0,0.3776890128698857,0.0,3040.331242529931,76.05311951254386,0.0,19.773811073261403
Sunset Elementary School,11.0,1127.0,2159.0,682.4545454545455,0.011633580339199878,0.0,687.2693491178526,0.8098744736951277,0.0,0.2105673631607332
Sutro Elementary School,16.0,1769.0,2009.0,3289.6875,0.7061266737002171,0.0,3303.096908727564,363.3993377613808,0.0,94.48382781795901
Swope Middle School,2.0,437.0,920.0,1043.05,0.5278019425275153,0.0,1081.7144629934132,27.49918137326252,0.0,7.149787157048255
Sybil Crookham Elementary School,5.0,778.0,2005.0,1178.4,0.06246115128428607,0.0,1195.2687040167175,3.866091641918772,0.0,1.0051838268988806
Tacoma School District 10,12.0,595.0,2150.0,2917.5833333333335,5.525580169301876e-06,0.0,2933.5602605290173,0.0017922837526252074,0.0,0.00046599377568255394
Tahoma Junior High School,8.0,777.0,2107.0,955.5,0.004125136408790686,0.0,964.2591689837844,0.30445377767479587,0.0,0.07915798219544692
Tahoma Middle School,3.0,334.0,2072.0,599.0,0.022543601724689888,0.0,615.1696740025204,0.44072541579975505,0.0,0.11458860810793632
Tahoma School District 409,17.0,1037.0,2165.0,2110.3529411764707,0.00010235903965392352,0.0,2118.669696138123,0.033374290683452136,0.0,0.008677315577697556
Tahoma Senior High School,6.0,592.0,2107.0,798.6666666666666,0.004715410926184093,0.0,808.7444550898798,0.22287046717784365,0.0,0.05794632146623935
Teague Elementary,4.0,144.0,2177.0,10086.795,0.00029255498247419785,0.0,10247.679684658297,0.11720052420933841,0.0,0.030472136294427986
Ted Brown Music,1.0,12.0,825.0,87.0,0.16035663663359406,0.0,103.92805778443015,0.5243185339973131,0.0,0.13632281883930142
Ted Hunsberger Elementary School,4.0,1172.0,2033.0,781.325,0.4173734174072257,0.0,796.2487074611022,13.869833714893309,0.0,3.6061567658722606
The Goddard School Issaquah,2.0,937.0,1582.0,794.5,0.6252584335443133,0.0,825.2429465033819,15.04679324054741,0.0,3.9121662425423267
The Goddard School Sparks NV,2.0,478.0,1220.0,2362.0,0.4153503050420873,0.0,2442.7006093403334,37.7257588450756,0.0,9.808697299719658
The Northwest School,7.0,438.0,535.0,6450.428571428572,0.7370566597619301,0.0,6509.3731524241075,1126.0162193130914,0.0,292.76421702140374
Thirkill Elementary,1.0,196.0,2109.0,229.45,0.19422611745204682,0.0,255.75699753042437,0.652124489671135,0.0,0.1695523673144951
Tillamook School District 9,10.0,2123.0,2159.0,5094.727000000001,0.9134010515747328,0.0,5127.451653326078,433.00745602948604,0.0,112.58193856766637
Timberline Middle School,2.0,155.0,654.0,40375.0,0.2650287917309383,0.0,41667.20978791836,720.5932992338631,0.0,187.35425780080442
Today's Fresh Start Charter School,3.0,140.0,1297.0,8905.666666666666,0.012682525806948461,0.0,9096.475099001464,5.70479155784266,0.0,1.4832458050390918
Torrance Unified School District,1.0,5.0,348.0,2499.0,0.33356757887807204,0.0,2674.7346753157613,58.33498557345023,0.0,15.16709624909706
Totem Middle School,5.0,1121.0,2143.0,1106.328,0.22434063480906985,0.0,1122.2951438463926,12.235309000125817,0.0,3.1811803400327126
Tranquillity Elementary School,1.0,373.0,2166.0,297.0,0.31848011758288736,0.0,327.7545045844216,1.335778996670984,0.0,0.34730253913445586
Tranquillity High School,9.0,629.0,2162.0,4990.777777777777,0.0002378761427025547,0.0,5026.445228476975,0.09984634407968646,0.0,0.02596004946071848
Transition Academy,1.0,651.0,745.0,3000.0,0.7956991069998045,0.0,3208.7206269671697,87.98140988208625,0.0,22.875166569342426
"Triumph Electric, Inc.",2.0,74.0,1280.0,24865.0,0.029223148137164187,0.0,25662.891860900094,26.669831603612945,0.0,6.934156216939366
Tukwila School District 406,19.0,2072.0,2170.0,3741.086842105263,0.8956739997298651,0.0,3753.8444525941586,575.4011868529695,0.0,149.60430858177207
Turning Point,4.0,1068.0,1889.0,1237.5,0.40038636223715607,0.0,1259.5790417723117,22.573129704016498,0.0,5.86901372304429
Twain Harte School District,1.0,41.0,2029.0,2200.0,0.07546836983658642,0.0,2356.0484486814876,2.422176346169053,0.0,0.6297658500039538
University Heights Middle School,9.0,824.0,2163.0,2016.4444444444443,0.0022885053725879836,0.0,2031.5559500891363,0.38806915954756477,0.0,0.10089798148236684
University of Nevada Reno,4.0,1412.0,1995.0,1180.5,0.6275124255418139,0.0,1201.6849681037877,32.042459844858946,0.0,8.331039559663326
Verdi Elementary School,3.0,560.0,2075.0,952.8133333333334,0.09124546422665927,0.0,976.4215532284786,2.8274713625006687,0.0,0.7351425542501738
Veterans Memorial Elementary School,5.0,1788.0,2043.0,2131.02,0.8022872088315671,0.0,2159.805179894379,88.1384395494465,0.0,22.91599428285609
Victor Valley Community College College,1.0,254.0,1319.0,228.0,0.37508372792017836,0.0,254.2115292072816,1.95138451686451,0.0,0.5073599743847726
Victory Academy,5.0,1911.0,2018.0,4903.2,0.8594371807028903,0.0,4966.662822709494,219.6846043093394,0.0,57.11799712042824
Virginia Palmer Elem School,5.0,1900.0,2141.0,13263.2,0.8132930187832043,0.0,13431.239399242897,531.3133530151409,0.0,138.14147178393665
Vista Verde Elementary School,8.0,713.0,1219.0,7228.125,0.1470040852112304,0.0,7285.695989001632,137.1659994856453,0.0,35.663159866267776
Volta Elementary School,1.0,1904.0,2166.0,1099.0,0.7947786300039059,0.0,1182.5583633158178,12.027417357541907,0.0,3.127128512960896
Volunteers of America,4.0,457.0,1976.0,342.5,0.019169072496779467,0.0,350.5405166261892,0.2881463831183015,0.0,0.07491805961075838
Voyager Middle School,5.0,566.0,1883.0,2191.0,0.01966027907309637,0.0,2220.5354793035262,2.3998988567188375,0.0,0.6239737027468978
Walker Elementary School,2.0,709.0,2159.0,2354.0,0.3039213418721266,0.0,2434.4456420020906,16.054477054425824,0.0,4.1741640341507145
Walla Walla Community College,4.0,875.0,969.0,14534.887499999999,0.8273596603544227,0.0,14765.542752718104,1018.3914988995635,0.0,264.78178971388655
Walla Walla School District,19.0,1660.0,2089.0,1515.192105263158,0.22207571957491792,0.0,1520.6892498045984,59.930503851569995,0.0,15.581931001408199
Walt Tyler Elementary School,1.0,39.0,2016.0,660.0,0.0745283177020444,0.0,714.6545054815499,0.730030506430167,0.0,0.18980793167184343
Washington Intermediate School,1.0,27.0,1448.0,290.0,0.09913947066127994,0.0,320.29362302442195,0.5955020282054991,0.0,0.15483052733342978
Washington Middle School,2.0,131.0,1899.0,635.0,0.0245659126370972,0.0,660.6595351971657,0.39806505573981704,0.0,0.10349691449235243
Washington Unified School District,1.0,233.0,2137.0,4950.0,0.22021059724596678,0.0,5287.109061538519,15.092732071995322,0.0,3.924110338718784
Washoe County School District,79.0,2059.0,2173.0,13749.620253164558,0.5443178315885709,1.0,13760.513129689425,5224.485776205919,13760.513129689425,1358.366301813539
Washoe County Schools,1.0,3.0,318.0,1005.0,0.3497014268710643,0.0,1082.3693823672502,26.548226529033112,0.0,6.9025388975486095
Washoe County Social Services,2.0,157.0,1788.0,4291.0,0.03670399854801594,0.0,4433.179608774133,4.226070003560923,0.0,1.09877820092584
Washoe Innovations High School,5.0,457.0,2179.0,2369.4,0.0034612342524606146,0.0,2401.1671134247654,0.39749671205385845,0.0,0.1033491451340032
Washoe Inspire Academy,7.0,1150.0,1745.0,4818.571428571428,0.347151259545709,0.0,4862.98710660911,136.29965711177994,0.0,35.43791084906278
Westlake Elementary School,2.0,257.0,1821.0,2274.5,0.07762062764305555,0.0,2352.4119040783025,4.6607574107889365,0.0,1.2117969268051236
Westlake High School,1.0,49.0,2173.0,3425.0,0.07486698577417064,0.0,3661.702721681438,3.4973108032457856,0.0,0.9093008088439043
Weston County School District #1,6.0,1295.0,1779.0,351.06333333333333,0.5654124168654787,0.0,356.4848779927433,13.836807610395722,0.0,3.5975699787028876
Westside Union Elementary School,1.0,2154.0,2177.0,6096.0,0.8202243964040713,0.0,6508.561956932759,67.98499339724343,0.0,17.67609828328329
Whatcom Discovery Center,3.0,1070.0,1955.0,2564.6666666666665,0.47427242866129393,0.0,2622.162374292198,41.77542961050564,0.0,10.861611698731467
White River School District 416,4.0,371.0,532.0,21925.65,0.656104864369279,0.0,22272.2330797631,2063.5550692149513,0.0,536.5243179958874
Whitman Middle School,1.0,330.0,1843.0,515.48,0.33659438565653943,0.0,560.6192764742415,2.8173653682088147,0.0,0.7325149957342918
Wilson Elementary School,11.0,1169.0,2122.0,765.5454545454545,0.020563807844199214,0.0,770.8295098150013,1.6323304048310965,0.0,0.4244059052560851
Wilson Middle School,3.0,883.0,1352.0,9386.333333333334,0.6213674240549665,0.0,9587.247266852526,283.39756141048963,0.0,73.68336596672731
Winfield Elementary School,11.0,1008.0,1990.0,1196.6818181818182,0.008779443010337739,0.0,1204.4006937386641,1.1576283572628026,0.0,0.30098337288832866
Winnemucca Elementary School,4.0,924.0,1584.0,4309.75,0.43776348092579803,0.0,4380.018828230607,101.38756555862177,0.0,26.360767045241662
Winton Middle School,11.0,1153.0,2135.0,1007.6363636363636,0.016673992622802065,0.0,1014.2876147783569,1.7314686520259677,0.0,0.4501818495267516
Winton School District,4.0,1068.0,1897.0,19504.5,0.39608513165253634,0.0,19813.10612427982,349.85084214866373,0.0,90.96121895865257
Woodland School District 404,9.0,1796.0,2141.0,205.44444444444446,0.7035487042402155,0.0,208.03992975055812,12.337046827893138,0.0,3.207632175252216
XIT Solutions,13.0,715.0,990.0,3849.6153846153848,0.22415004906556396,0.0,3868.8074010437263,213.65354133262557,0.0,55.54992074648265
Yerington Elementary School,7.0,1711.0,1920.0,12006.142857142857,0.8132283591025172,0.0,12114.551592566388,726.4889708900691,0.0,188.887132431418
Yerington High School,2.0,28.0,1907.0,2812.0,0.005283342955075013,0.0,2907.042522116492,0.3752022297495033,0.0,0.09755257973487086
Yvonne Shaw Middle School,9.0,1667.0,2116.0,1778.2777777777778,0.5746990958320226,0.0,1791.7432873738935,87.77237919246919,0.0,22.82081859004199
